[
    {
        "name": ".thumb_fig_01a.png",
        "url": "https://atlas.web.cern.ch/Atlas/GROUPS/PHYSICS/PAPERS/HIGG-2018-54/.thumb_fig_01a.png"
    },
    {
        "name": ".thumb_fig_01b.png",
        "url": "https://atlas.web.cern.ch/Atlas/GROUPS/PHYSICS/PAPERS/HIGG-2018-54/.thumb_fig_01b.png"
    },
    {
        "name": ".thumb_fig_02.png",
        "url": "https://atlas.web.cern.ch/Atlas/GROUPS/PHYSICS/PAPERS/HIGG-2018-54/.thumb_fig_02.png"
    },
    {
        "name": ".thumb_fig_03.png",
        "url": "https://atlas.web.cern.ch/Atlas/GROUPS/PHYSICS/PAPERS/HIGG-2018-54/.thumb_fig_03.png"
    },
    {
        "name": ".thumb_tab_01.png",
        "url": "https://atlas.web.cern.ch/Atlas/GROUPS/PHYSICS/PAPERS/HIGG-2018-54/.thumb_tab_01.png"
    },
    {
        "name": ".thumb_figaux_01a.png",
        "url": "https://atlas.web.cern.ch/Atlas/GROUPS/PHYSICS/PAPERS/HIGG-2018-54/.thumb_figaux_01a.png"
    },
    {
        "name": ".thumb_figaux_01b.png",
        "url": "https://atlas.web.cern.ch/Atlas/GROUPS/PHYSICS/PAPERS/HIGG-2018-54/.thumb_figaux_01b.png"
    },
    {
        "name": ".thumb_tabaux_01.png",
        "url": "https://atlas.web.cern.ch/Atlas/GROUPS/PHYSICS/PAPERS/HIGG-2018-54/.thumb_tabaux_01.png"
    }
]