[
    {
        "name": ".thumb_fig_01a.png",
        "url": "http://atlas.web.cern.ch/Atlas/GROUPS/PHYSICS/PAPERS/.thumb_fig_01a.png"
    },
    {
        "name": ".thumb_fig_01b.png",
        "url": "http://atlas.web.cern.ch/Atlas/GROUPS/PHYSICS/PAPERS/.thumb_fig_01b.png"
    },
    {
        "name": ".thumb_fig_02.png",
        "url": "http://atlas.web.cern.ch/Atlas/GROUPS/PHYSICS/PAPERS/.thumb_fig_02.png"
    },
    {
        "name": ".thumb_fig_03a.png",
        "url": "http://atlas.web.cern.ch/Atlas/GROUPS/PHYSICS/PAPERS/.thumb_fig_03a.png"
    },
    {
        "name": ".thumb_fig_03b.png",
        "url": "http://atlas.web.cern.ch/Atlas/GROUPS/PHYSICS/PAPERS/.thumb_fig_03b.png"
    },
    {
        "name": ".thumb_fig_04a.png",
        "url": "http://atlas.web.cern.ch/Atlas/GROUPS/PHYSICS/PAPERS/.thumb_fig_04a.png"
    },
    {
        "name": ".thumb_fig_04b.png",
        "url": "http://atlas.web.cern.ch/Atlas/GROUPS/PHYSICS/PAPERS/.thumb_fig_04b.png"
    },
    {
        "name": ".thumb_fig_05a.png",
        "url": "http://atlas.web.cern.ch/Atlas/GROUPS/PHYSICS/PAPERS/.thumb_fig_05a.png"
    },
    {
        "name": ".thumb_fig_05b.png",
        "url": "http://atlas.web.cern.ch/Atlas/GROUPS/PHYSICS/PAPERS/.thumb_fig_05b.png"
    },
    {
        "name": ".thumb_fig_06a.png",
        "url": "http://atlas.web.cern.ch/Atlas/GROUPS/PHYSICS/PAPERS/.thumb_fig_06a.png"
    },
    {
        "name": ".thumb_fig_06b.png",
        "url": "http://atlas.web.cern.ch/Atlas/GROUPS/PHYSICS/PAPERS/.thumb_fig_06b.png"
    },
    {
        "name": ".thumb_fig_07a.png",
        "url": "http://atlas.web.cern.ch/Atlas/GROUPS/PHYSICS/PAPERS/.thumb_fig_07a.png"
    },
    {
        "name": ".thumb_fig_07b.png",
        "url": "http://atlas.web.cern.ch/Atlas/GROUPS/PHYSICS/PAPERS/.thumb_fig_07b.png"
    },
    {
        "name": ".thumb_fig_08a.png",
        "url": "http://atlas.web.cern.ch/Atlas/GROUPS/PHYSICS/PAPERS/.thumb_fig_08a.png"
    },
    {
        "name": ".thumb_fig_08b.png",
        "url": "http://atlas.web.cern.ch/Atlas/GROUPS/PHYSICS/PAPERS/.thumb_fig_08b.png"
    },
    {
        "name": ".thumb_fig_09a.png",
        "url": "http://atlas.web.cern.ch/Atlas/GROUPS/PHYSICS/PAPERS/.thumb_fig_09a.png"
    },
    {
        "name": ".thumb_fig_09b.png",
        "url": "http://atlas.web.cern.ch/Atlas/GROUPS/PHYSICS/PAPERS/.thumb_fig_09b.png"
    },
    {
        "name": ".thumb_fig_10a.png",
        "url": "http://atlas.web.cern.ch/Atlas/GROUPS/PHYSICS/PAPERS/.thumb_fig_10a.png"
    },
    {
        "name": ".thumb_fig_10b.png",
        "url": "http://atlas.web.cern.ch/Atlas/GROUPS/PHYSICS/PAPERS/.thumb_fig_10b.png"
    },
    {
        "name": ".thumb_fig_10c.png",
        "url": "http://atlas.web.cern.ch/Atlas/GROUPS/PHYSICS/PAPERS/.thumb_fig_10c.png"
    },
    {
        "name": ".thumb_fig_10d.png",
        "url": "http://atlas.web.cern.ch/Atlas/GROUPS/PHYSICS/PAPERS/.thumb_fig_10d.png"
    },
    {
        "name": ".thumb_fig_11a.png",
        "url": "http://atlas.web.cern.ch/Atlas/GROUPS/PHYSICS/PAPERS/.thumb_fig_11a.png"
    },
    {
        "name": ".thumb_fig_11b.png",
        "url": "http://atlas.web.cern.ch/Atlas/GROUPS/PHYSICS/PAPERS/.thumb_fig_11b.png"
    },
    {
        "name": ".thumb_fig_11c.png",
        "url": "http://atlas.web.cern.ch/Atlas/GROUPS/PHYSICS/PAPERS/.thumb_fig_11c.png"
    },
    {
        "name": ".thumb_fig_12.png",
        "url": "http://atlas.web.cern.ch/Atlas/GROUPS/PHYSICS/PAPERS/.thumb_fig_12.png"
    },
    {
        "name": ".thumb_fig_13a.png",
        "url": "http://atlas.web.cern.ch/Atlas/GROUPS/PHYSICS/PAPERS/.thumb_fig_13a.png"
    },
    {
        "name": ".thumb_fig_13b.png",
        "url": "http://atlas.web.cern.ch/Atlas/GROUPS/PHYSICS/PAPERS/.thumb_fig_13b.png"
    },
    {
        "name": ".thumb_fig_13c.png",
        "url": "http://atlas.web.cern.ch/Atlas/GROUPS/PHYSICS/PAPERS/.thumb_fig_13c.png"
    },
    {
        "name": ".thumb_fig_14a.png",
        "url": "http://atlas.web.cern.ch/Atlas/GROUPS/PHYSICS/PAPERS/.thumb_fig_14a.png"
    },
    {
        "name": ".thumb_fig_14b.png",
        "url": "http://atlas.web.cern.ch/Atlas/GROUPS/PHYSICS/PAPERS/.thumb_fig_14b.png"
    },
    {
        "name": ".thumb_fig_14c.png",
        "url": "http://atlas.web.cern.ch/Atlas/GROUPS/PHYSICS/PAPERS/.thumb_fig_14c.png"
    },
    {
        "name": ".thumb_fig_15a.png",
        "url": "http://atlas.web.cern.ch/Atlas/GROUPS/PHYSICS/PAPERS/.thumb_fig_15a.png"
    },
    {
        "name": ".thumb_fig_15b.png",
        "url": "http://atlas.web.cern.ch/Atlas/GROUPS/PHYSICS/PAPERS/.thumb_fig_15b.png"
    },
    {
        "name": ".thumb_fig_16a.png",
        "url": "http://atlas.web.cern.ch/Atlas/GROUPS/PHYSICS/PAPERS/.thumb_fig_16a.png"
    },
    {
        "name": ".thumb_fig_16b.png",
        "url": "http://atlas.web.cern.ch/Atlas/GROUPS/PHYSICS/PAPERS/.thumb_fig_16b.png"
    },
    {
        "name": ".thumb_fig_17.png",
        "url": "http://atlas.web.cern.ch/Atlas/GROUPS/PHYSICS/PAPERS/.thumb_fig_17.png"
    },
    {
        "name": ".thumb_fig_18.png",
        "url": "http://atlas.web.cern.ch/Atlas/GROUPS/PHYSICS/PAPERS/.thumb_fig_18.png"
    },
    {
        "name": ".thumb_fig_19a.png",
        "url": "http://atlas.web.cern.ch/Atlas/GROUPS/PHYSICS/PAPERS/.thumb_fig_19a.png"
    },
    {
        "name": ".thumb_fig_19b.png",
        "url": "http://atlas.web.cern.ch/Atlas/GROUPS/PHYSICS/PAPERS/.thumb_fig_19b.png"
    },
    {
        "name": ".thumb_fig_19c.png",
        "url": "http://atlas.web.cern.ch/Atlas/GROUPS/PHYSICS/PAPERS/.thumb_fig_19c.png"
    },
    {
        "name": ".thumb_fig_19d.png",
        "url": "http://atlas.web.cern.ch/Atlas/GROUPS/PHYSICS/PAPERS/.thumb_fig_19d.png"
    },
    {
        "name": ".thumb_fig_20a.png",
        "url": "http://atlas.web.cern.ch/Atlas/GROUPS/PHYSICS/PAPERS/.thumb_fig_20a.png"
    },
    {
        "name": ".thumb_fig_20b.png",
        "url": "http://atlas.web.cern.ch/Atlas/GROUPS/PHYSICS/PAPERS/.thumb_fig_20b.png"
    },
    {
        "name": ".thumb_fig_21.png",
        "url": "http://atlas.web.cern.ch/Atlas/GROUPS/PHYSICS/PAPERS/.thumb_fig_21.png"
    },
    {
        "name": ".thumb_fig_22a.png",
        "url": "http://atlas.web.cern.ch/Atlas/GROUPS/PHYSICS/PAPERS/.thumb_fig_22a.png"
    },
    {
        "name": ".thumb_fig_22b.png",
        "url": "http://atlas.web.cern.ch/Atlas/GROUPS/PHYSICS/PAPERS/.thumb_fig_22b.png"
    },
    {
        "name": ".thumb_fig_23a.png",
        "url": "http://atlas.web.cern.ch/Atlas/GROUPS/PHYSICS/PAPERS/.thumb_fig_23a.png"
    },
    {
        "name": ".thumb_fig_23b.png",
        "url": "http://atlas.web.cern.ch/Atlas/GROUPS/PHYSICS/PAPERS/.thumb_fig_23b.png"
    },
    {
        "name": ".thumb_fig_24a.png",
        "url": "http://atlas.web.cern.ch/Atlas/GROUPS/PHYSICS/PAPERS/.thumb_fig_24a.png"
    },
    {
        "name": ".thumb_fig_24b.png",
        "url": "http://atlas.web.cern.ch/Atlas/GROUPS/PHYSICS/PAPERS/.thumb_fig_24b.png"
    },
    {
        "name": ".thumb_tab_01.png",
        "url": "http://atlas.web.cern.ch/Atlas/GROUPS/PHYSICS/PAPERS/.thumb_tab_01.png"
    },
    {
        "name": ".thumb_tab_02.png",
        "url": "http://atlas.web.cern.ch/Atlas/GROUPS/PHYSICS/PAPERS/.thumb_tab_02.png"
    },
    {
        "name": ".thumb_tab_03.png",
        "url": "http://atlas.web.cern.ch/Atlas/GROUPS/PHYSICS/PAPERS/.thumb_tab_03.png"
    },
    {
        "name": ".thumb_figaux_25.png",
        "url": "http://atlas.web.cern.ch/Atlas/GROUPS/PHYSICS/PAPERS/.thumb_figaux_25.png"
    },
    {
        "name": ".thumb_figaux_26.png",
        "url": "http://atlas.web.cern.ch/Atlas/GROUPS/PHYSICS/PAPERS/.thumb_figaux_26.png"
    },
    {
        "name": ".thumb_figaux_27.png",
        "url": "http://atlas.web.cern.ch/Atlas/GROUPS/PHYSICS/PAPERS/.thumb_figaux_27.png"
    },
    {
        "name": ".thumb_figaux_28a.png",
        "url": "http://atlas.web.cern.ch/Atlas/GROUPS/PHYSICS/PAPERS/.thumb_figaux_28a.png"
    },
    {
        "name": ".thumb_figaux_28b.png",
        "url": "http://atlas.web.cern.ch/Atlas/GROUPS/PHYSICS/PAPERS/.thumb_figaux_28b.png"
    },
    {
        "name": ".thumb_figaux_28c.png",
        "url": "http://atlas.web.cern.ch/Atlas/GROUPS/PHYSICS/PAPERS/.thumb_figaux_28c.png"
    },
    {
        "name": ".thumb_figaux_28d.png",
        "url": "http://atlas.web.cern.ch/Atlas/GROUPS/PHYSICS/PAPERS/.thumb_figaux_28d.png"
    },
    {
        "name": ".thumb_figaux_28e.png",
        "url": "http://atlas.web.cern.ch/Atlas/GROUPS/PHYSICS/PAPERS/.thumb_figaux_28e.png"
    },
    {
        "name": ".thumb_figaux_28f.png",
        "url": "http://atlas.web.cern.ch/Atlas/GROUPS/PHYSICS/PAPERS/.thumb_figaux_28f.png"
    },
    {
        "name": ".thumb_figaux_29a.png",
        "url": "http://atlas.web.cern.ch/Atlas/GROUPS/PHYSICS/PAPERS/.thumb_figaux_29a.png"
    },
    {
        "name": ".thumb_figaux_29b.png",
        "url": "http://atlas.web.cern.ch/Atlas/GROUPS/PHYSICS/PAPERS/.thumb_figaux_29b.png"
    },
    {
        "name": ".thumb_figaux_29c.png",
        "url": "http://atlas.web.cern.ch/Atlas/GROUPS/PHYSICS/PAPERS/.thumb_figaux_29c.png"
    },
    {
        "name": ".thumb_figaux_29d.png",
        "url": "http://atlas.web.cern.ch/Atlas/GROUPS/PHYSICS/PAPERS/.thumb_figaux_29d.png"
    },
    {
        "name": ".thumb_figaux_29e.png",
        "url": "http://atlas.web.cern.ch/Atlas/GROUPS/PHYSICS/PAPERS/.thumb_figaux_29e.png"
    },
    {
        "name": ".thumb_figaux_29f.png",
        "url": "http://atlas.web.cern.ch/Atlas/GROUPS/PHYSICS/PAPERS/.thumb_figaux_29f.png"
    },
    {
        "name": ".thumb_figaux_30a.png",
        "url": "http://atlas.web.cern.ch/Atlas/GROUPS/PHYSICS/PAPERS/.thumb_figaux_30a.png"
    },
    {
        "name": ".thumb_figaux_30b.png",
        "url": "http://atlas.web.cern.ch/Atlas/GROUPS/PHYSICS/PAPERS/.thumb_figaux_30b.png"
    },
    {
        "name": ".thumb_figaux_30c.png",
        "url": "http://atlas.web.cern.ch/Atlas/GROUPS/PHYSICS/PAPERS/.thumb_figaux_30c.png"
    },
    {
        "name": ".thumb_figaux_30d.png",
        "url": "http://atlas.web.cern.ch/Atlas/GROUPS/PHYSICS/PAPERS/.thumb_figaux_30d.png"
    },
    {
        "name": ".thumb_figaux_31a.png",
        "url": "http://atlas.web.cern.ch/Atlas/GROUPS/PHYSICS/PAPERS/.thumb_figaux_31a.png"
    },
    {
        "name": ".thumb_figaux_31b.png",
        "url": "http://atlas.web.cern.ch/Atlas/GROUPS/PHYSICS/PAPERS/.thumb_figaux_31b.png"
    },
    {
        "name": ".thumb_figaux_31c.png",
        "url": "http://atlas.web.cern.ch/Atlas/GROUPS/PHYSICS/PAPERS/.thumb_figaux_31c.png"
    },
    {
        "name": ".thumb_figaux_31d.png",
        "url": "http://atlas.web.cern.ch/Atlas/GROUPS/PHYSICS/PAPERS/.thumb_figaux_31d.png"
    },
    {
        "name": ".thumb_figaux_32a.png",
        "url": "http://atlas.web.cern.ch/Atlas/GROUPS/PHYSICS/PAPERS/.thumb_figaux_32a.png"
    },
    {
        "name": ".thumb_figaux_32b.png",
        "url": "http://atlas.web.cern.ch/Atlas/GROUPS/PHYSICS/PAPERS/.thumb_figaux_32b.png"
    },
    {
        "name": ".thumb_figaux_32c.png",
        "url": "http://atlas.web.cern.ch/Atlas/GROUPS/PHYSICS/PAPERS/.thumb_figaux_32c.png"
    },
    {
        "name": ".thumb_figaux_32d.png",
        "url": "http://atlas.web.cern.ch/Atlas/GROUPS/PHYSICS/PAPERS/.thumb_figaux_32d.png"
    },
    {
        "name": ".thumb_figaux_33a.png",
        "url": "http://atlas.web.cern.ch/Atlas/GROUPS/PHYSICS/PAPERS/.thumb_figaux_33a.png"
    },
    {
        "name": ".thumb_figaux_33b.png",
        "url": "http://atlas.web.cern.ch/Atlas/GROUPS/PHYSICS/PAPERS/.thumb_figaux_33b.png"
    },
    {
        "name": ".thumb_figaux_33c.png",
        "url": "http://atlas.web.cern.ch/Atlas/GROUPS/PHYSICS/PAPERS/.thumb_figaux_33c.png"
    },
    {
        "name": ".thumb_figaux_33d.png",
        "url": "http://atlas.web.cern.ch/Atlas/GROUPS/PHYSICS/PAPERS/.thumb_figaux_33d.png"
    },
    {
        "name": ".thumb_figaux_34a.png",
        "url": "http://atlas.web.cern.ch/Atlas/GROUPS/PHYSICS/PAPERS/.thumb_figaux_34a.png"
    },
    {
        "name": ".thumb_figaux_34b.png",
        "url": "http://atlas.web.cern.ch/Atlas/GROUPS/PHYSICS/PAPERS/.thumb_figaux_34b.png"
    },
    {
        "name": ".thumb_figaux_34c.png",
        "url": "http://atlas.web.cern.ch/Atlas/GROUPS/PHYSICS/PAPERS/.thumb_figaux_34c.png"
    },
    {
        "name": ".thumb_figaux_34d.png",
        "url": "http://atlas.web.cern.ch/Atlas/GROUPS/PHYSICS/PAPERS/.thumb_figaux_34d.png"
    },
    {
        "name": ".thumb_figaux_35a.png",
        "url": "http://atlas.web.cern.ch/Atlas/GROUPS/PHYSICS/PAPERS/.thumb_figaux_35a.png"
    },
    {
        "name": ".thumb_figaux_35b.png",
        "url": "http://atlas.web.cern.ch/Atlas/GROUPS/PHYSICS/PAPERS/.thumb_figaux_35b.png"
    },
    {
        "name": ".thumb_figaux_35c.png",
        "url": "http://atlas.web.cern.ch/Atlas/GROUPS/PHYSICS/PAPERS/.thumb_figaux_35c.png"
    },
    {
        "name": ".thumb_figaux_35d.png",
        "url": "http://atlas.web.cern.ch/Atlas/GROUPS/PHYSICS/PAPERS/.thumb_figaux_35d.png"
    },
    {
        "name": ".thumb_figaux_36a.png",
        "url": "http://atlas.web.cern.ch/Atlas/GROUPS/PHYSICS/PAPERS/.thumb_figaux_36a.png"
    },
    {
        "name": ".thumb_figaux_36b.png",
        "url": "http://atlas.web.cern.ch/Atlas/GROUPS/PHYSICS/PAPERS/.thumb_figaux_36b.png"
    },
    {
        "name": ".thumb_figaux_36c.png",
        "url": "http://atlas.web.cern.ch/Atlas/GROUPS/PHYSICS/PAPERS/.thumb_figaux_36c.png"
    },
    {
        "name": ".thumb_figaux_36d.png",
        "url": "http://atlas.web.cern.ch/Atlas/GROUPS/PHYSICS/PAPERS/.thumb_figaux_36d.png"
    },
    {
        "name": ".thumb_figaux_36e.png",
        "url": "http://atlas.web.cern.ch/Atlas/GROUPS/PHYSICS/PAPERS/.thumb_figaux_36e.png"
    },
    {
        "name": ".thumb_figaux_36f.png",
        "url": "http://atlas.web.cern.ch/Atlas/GROUPS/PHYSICS/PAPERS/.thumb_figaux_36f.png"
    },
    {
        "name": ".thumb_figaux_37a.png",
        "url": "http://atlas.web.cern.ch/Atlas/GROUPS/PHYSICS/PAPERS/.thumb_figaux_37a.png"
    },
    {
        "name": ".thumb_figaux_37b.png",
        "url": "http://atlas.web.cern.ch/Atlas/GROUPS/PHYSICS/PAPERS/.thumb_figaux_37b.png"
    },
    {
        "name": ".thumb_figaux_37c.png",
        "url": "http://atlas.web.cern.ch/Atlas/GROUPS/PHYSICS/PAPERS/.thumb_figaux_37c.png"
    },
    {
        "name": ".thumb_figaux_37d.png",
        "url": "http://atlas.web.cern.ch/Atlas/GROUPS/PHYSICS/PAPERS/.thumb_figaux_37d.png"
    }
]