[
    {
        "name": ".thumb_fig_01.png",
        "url": "https://atlas.web.cern.ch/Atlas/GROUPS/PHYSICS/PAPERS/HION-2018-03/.thumb_fig_01.png"
    },
    {
        "name": ".thumb_fig_02a.png",
        "url": "https://atlas.web.cern.ch/Atlas/GROUPS/PHYSICS/PAPERS/HION-2018-03/.thumb_fig_02a.png"
    },
    {
        "name": ".thumb_fig_02b.png",
        "url": "https://atlas.web.cern.ch/Atlas/GROUPS/PHYSICS/PAPERS/HION-2018-03/.thumb_fig_02b.png"
    },
    {
        "name": ".thumb_fig_02c.png",
        "url": "https://atlas.web.cern.ch/Atlas/GROUPS/PHYSICS/PAPERS/HION-2018-03/.thumb_fig_02c.png"
    },
    {
        "name": ".thumb_fig_02d.png",
        "url": "https://atlas.web.cern.ch/Atlas/GROUPS/PHYSICS/PAPERS/HION-2018-03/.thumb_fig_02d.png"
    },
    {
        "name": ".thumb_fig_02e.png",
        "url": "https://atlas.web.cern.ch/Atlas/GROUPS/PHYSICS/PAPERS/HION-2018-03/.thumb_fig_02e.png"
    },
    {
        "name": ".thumb_fig_02f.png",
        "url": "https://atlas.web.cern.ch/Atlas/GROUPS/PHYSICS/PAPERS/HION-2018-03/.thumb_fig_02f.png"
    },
    {
        "name": ".thumb_fig_03a.png",
        "url": "https://atlas.web.cern.ch/Atlas/GROUPS/PHYSICS/PAPERS/HION-2018-03/.thumb_fig_03a.png"
    },
    {
        "name": ".thumb_fig_03b.png",
        "url": "https://atlas.web.cern.ch/Atlas/GROUPS/PHYSICS/PAPERS/HION-2018-03/.thumb_fig_03b.png"
    },
    {
        "name": ".thumb_fig_03c.png",
        "url": "https://atlas.web.cern.ch/Atlas/GROUPS/PHYSICS/PAPERS/HION-2018-03/.thumb_fig_03c.png"
    },
    {
        "name": ".thumb_fig_03d.png",
        "url": "https://atlas.web.cern.ch/Atlas/GROUPS/PHYSICS/PAPERS/HION-2018-03/.thumb_fig_03d.png"
    },
    {
        "name": ".thumb_fig_04a.png",
        "url": "https://atlas.web.cern.ch/Atlas/GROUPS/PHYSICS/PAPERS/HION-2018-03/.thumb_fig_04a.png"
    },
    {
        "name": ".thumb_fig_04b.png",
        "url": "https://atlas.web.cern.ch/Atlas/GROUPS/PHYSICS/PAPERS/HION-2018-03/.thumb_fig_04b.png"
    },
    {
        "name": ".thumb_fig_04c.png",
        "url": "https://atlas.web.cern.ch/Atlas/GROUPS/PHYSICS/PAPERS/HION-2018-03/.thumb_fig_04c.png"
    },
    {
        "name": ".thumb_fig_04d.png",
        "url": "https://atlas.web.cern.ch/Atlas/GROUPS/PHYSICS/PAPERS/HION-2018-03/.thumb_fig_04d.png"
    },
    {
        "name": ".thumb_fig_04e.png",
        "url": "https://atlas.web.cern.ch/Atlas/GROUPS/PHYSICS/PAPERS/HION-2018-03/.thumb_fig_04e.png"
    },
    {
        "name": ".thumb_fig_04f.png",
        "url": "https://atlas.web.cern.ch/Atlas/GROUPS/PHYSICS/PAPERS/HION-2018-03/.thumb_fig_04f.png"
    },
    {
        "name": ".thumb_fig_05a.png",
        "url": "https://atlas.web.cern.ch/Atlas/GROUPS/PHYSICS/PAPERS/HION-2018-03/.thumb_fig_05a.png"
    },
    {
        "name": ".thumb_fig_05b.png",
        "url": "https://atlas.web.cern.ch/Atlas/GROUPS/PHYSICS/PAPERS/HION-2018-03/.thumb_fig_05b.png"
    },
    {
        "name": ".thumb_fig_05c.png",
        "url": "https://atlas.web.cern.ch/Atlas/GROUPS/PHYSICS/PAPERS/HION-2018-03/.thumb_fig_05c.png"
    },
    {
        "name": ".thumb_fig_05d.png",
        "url": "https://atlas.web.cern.ch/Atlas/GROUPS/PHYSICS/PAPERS/HION-2018-03/.thumb_fig_05d.png"
    },
    {
        "name": ".thumb_fig_05e.png",
        "url": "https://atlas.web.cern.ch/Atlas/GROUPS/PHYSICS/PAPERS/HION-2018-03/.thumb_fig_05e.png"
    },
    {
        "name": ".thumb_fig_05f.png",
        "url": "https://atlas.web.cern.ch/Atlas/GROUPS/PHYSICS/PAPERS/HION-2018-03/.thumb_fig_05f.png"
    },
    {
        "name": ".thumb_fig_06a.png",
        "url": "https://atlas.web.cern.ch/Atlas/GROUPS/PHYSICS/PAPERS/HION-2018-03/.thumb_fig_06a.png"
    },
    {
        "name": ".thumb_fig_06b.png",
        "url": "https://atlas.web.cern.ch/Atlas/GROUPS/PHYSICS/PAPERS/HION-2018-03/.thumb_fig_06b.png"
    },
    {
        "name": ".thumb_fig_07a.png",
        "url": "https://atlas.web.cern.ch/Atlas/GROUPS/PHYSICS/PAPERS/HION-2018-03/.thumb_fig_07a.png"
    },
    {
        "name": ".thumb_fig_07b.png",
        "url": "https://atlas.web.cern.ch/Atlas/GROUPS/PHYSICS/PAPERS/HION-2018-03/.thumb_fig_07b.png"
    },
    {
        "name": ".thumb_fig_07c.png",
        "url": "https://atlas.web.cern.ch/Atlas/GROUPS/PHYSICS/PAPERS/HION-2018-03/.thumb_fig_07c.png"
    },
    {
        "name": ".thumb_fig_07d.png",
        "url": "https://atlas.web.cern.ch/Atlas/GROUPS/PHYSICS/PAPERS/HION-2018-03/.thumb_fig_07d.png"
    },
    {
        "name": ".thumb_fig_07e.png",
        "url": "https://atlas.web.cern.ch/Atlas/GROUPS/PHYSICS/PAPERS/HION-2018-03/.thumb_fig_07e.png"
    },
    {
        "name": ".thumb_fig_07f.png",
        "url": "https://atlas.web.cern.ch/Atlas/GROUPS/PHYSICS/PAPERS/HION-2018-03/.thumb_fig_07f.png"
    },
    {
        "name": ".thumb_fig_08.png",
        "url": "https://atlas.web.cern.ch/Atlas/GROUPS/PHYSICS/PAPERS/HION-2018-03/.thumb_fig_08.png"
    },
    {
        "name": ".thumb_fig_09a.png",
        "url": "https://atlas.web.cern.ch/Atlas/GROUPS/PHYSICS/PAPERS/HION-2018-03/.thumb_fig_09a.png"
    },
    {
        "name": ".thumb_fig_09b.png",
        "url": "https://atlas.web.cern.ch/Atlas/GROUPS/PHYSICS/PAPERS/HION-2018-03/.thumb_fig_09b.png"
    },
    {
        "name": ".thumb_fig_09c.png",
        "url": "https://atlas.web.cern.ch/Atlas/GROUPS/PHYSICS/PAPERS/HION-2018-03/.thumb_fig_09c.png"
    },
    {
        "name": ".thumb_fig_09d.png",
        "url": "https://atlas.web.cern.ch/Atlas/GROUPS/PHYSICS/PAPERS/HION-2018-03/.thumb_fig_09d.png"
    },
    {
        "name": ".thumb_fig_10a.png",
        "url": "https://atlas.web.cern.ch/Atlas/GROUPS/PHYSICS/PAPERS/HION-2018-03/.thumb_fig_10a.png"
    },
    {
        "name": ".thumb_fig_10b.png",
        "url": "https://atlas.web.cern.ch/Atlas/GROUPS/PHYSICS/PAPERS/HION-2018-03/.thumb_fig_10b.png"
    },
    {
        "name": ".thumb_fig_10c.png",
        "url": "https://atlas.web.cern.ch/Atlas/GROUPS/PHYSICS/PAPERS/HION-2018-03/.thumb_fig_10c.png"
    },
    {
        "name": ".thumb_fig_11a.png",
        "url": "https://atlas.web.cern.ch/Atlas/GROUPS/PHYSICS/PAPERS/HION-2018-03/.thumb_fig_11a.png"
    },
    {
        "name": ".thumb_fig_11b.png",
        "url": "https://atlas.web.cern.ch/Atlas/GROUPS/PHYSICS/PAPERS/HION-2018-03/.thumb_fig_11b.png"
    },
    {
        "name": ".thumb_fig_11c.png",
        "url": "https://atlas.web.cern.ch/Atlas/GROUPS/PHYSICS/PAPERS/HION-2018-03/.thumb_fig_11c.png"
    },
    {
        "name": ".thumb_fig_11d.png",
        "url": "https://atlas.web.cern.ch/Atlas/GROUPS/PHYSICS/PAPERS/HION-2018-03/.thumb_fig_11d.png"
    },
    {
        "name": ".thumb_fig_11e.png",
        "url": "https://atlas.web.cern.ch/Atlas/GROUPS/PHYSICS/PAPERS/HION-2018-03/.thumb_fig_11e.png"
    },
    {
        "name": ".thumb_fig_11f.png",
        "url": "https://atlas.web.cern.ch/Atlas/GROUPS/PHYSICS/PAPERS/HION-2018-03/.thumb_fig_11f.png"
    },
    {
        "name": ".thumb_figaux_01a.png",
        "url": "https://atlas.web.cern.ch/Atlas/GROUPS/PHYSICS/PAPERS/HION-2018-03/.thumb_figaux_01a.png"
    },
    {
        "name": ".thumb_figaux_01b.png",
        "url": "https://atlas.web.cern.ch/Atlas/GROUPS/PHYSICS/PAPERS/HION-2018-03/.thumb_figaux_01b.png"
    },
    {
        "name": ".thumb_figaux_01c.png",
        "url": "https://atlas.web.cern.ch/Atlas/GROUPS/PHYSICS/PAPERS/HION-2018-03/.thumb_figaux_01c.png"
    },
    {
        "name": ".thumb_figaux_01d.png",
        "url": "https://atlas.web.cern.ch/Atlas/GROUPS/PHYSICS/PAPERS/HION-2018-03/.thumb_figaux_01d.png"
    },
    {
        "name": ".thumb_figaux_01e.png",
        "url": "https://atlas.web.cern.ch/Atlas/GROUPS/PHYSICS/PAPERS/HION-2018-03/.thumb_figaux_01e.png"
    },
    {
        "name": ".thumb_figaux_01f.png",
        "url": "https://atlas.web.cern.ch/Atlas/GROUPS/PHYSICS/PAPERS/HION-2018-03/.thumb_figaux_01f.png"
    },
    {
        "name": ".thumb_figaux_02a.png",
        "url": "https://atlas.web.cern.ch/Atlas/GROUPS/PHYSICS/PAPERS/HION-2018-03/.thumb_figaux_02a.png"
    },
    {
        "name": ".thumb_figaux_02b.png",
        "url": "https://atlas.web.cern.ch/Atlas/GROUPS/PHYSICS/PAPERS/HION-2018-03/.thumb_figaux_02b.png"
    },
    {
        "name": ".thumb_figaux_02c.png",
        "url": "https://atlas.web.cern.ch/Atlas/GROUPS/PHYSICS/PAPERS/HION-2018-03/.thumb_figaux_02c.png"
    },
    {
        "name": ".thumb_figaux_02d.png",
        "url": "https://atlas.web.cern.ch/Atlas/GROUPS/PHYSICS/PAPERS/HION-2018-03/.thumb_figaux_02d.png"
    },
    {
        "name": ".thumb_figaux_02e.png",
        "url": "https://atlas.web.cern.ch/Atlas/GROUPS/PHYSICS/PAPERS/HION-2018-03/.thumb_figaux_02e.png"
    },
    {
        "name": ".thumb_figaux_02f.png",
        "url": "https://atlas.web.cern.ch/Atlas/GROUPS/PHYSICS/PAPERS/HION-2018-03/.thumb_figaux_02f.png"
    },
    {
        "name": ".thumb_figaux_03a.png",
        "url": "https://atlas.web.cern.ch/Atlas/GROUPS/PHYSICS/PAPERS/HION-2018-03/.thumb_figaux_03a.png"
    },
    {
        "name": ".thumb_figaux_03b.png",
        "url": "https://atlas.web.cern.ch/Atlas/GROUPS/PHYSICS/PAPERS/HION-2018-03/.thumb_figaux_03b.png"
    },
    {
        "name": ".thumb_figaux_03c.png",
        "url": "https://atlas.web.cern.ch/Atlas/GROUPS/PHYSICS/PAPERS/HION-2018-03/.thumb_figaux_03c.png"
    },
    {
        "name": ".thumb_figaux_03d.png",
        "url": "https://atlas.web.cern.ch/Atlas/GROUPS/PHYSICS/PAPERS/HION-2018-03/.thumb_figaux_03d.png"
    },
    {
        "name": ".thumb_figaux_03e.png",
        "url": "https://atlas.web.cern.ch/Atlas/GROUPS/PHYSICS/PAPERS/HION-2018-03/.thumb_figaux_03e.png"
    },
    {
        "name": ".thumb_figaux_03f.png",
        "url": "https://atlas.web.cern.ch/Atlas/GROUPS/PHYSICS/PAPERS/HION-2018-03/.thumb_figaux_03f.png"
    },
    {
        "name": ".thumb_figaux_04a.png",
        "url": "https://atlas.web.cern.ch/Atlas/GROUPS/PHYSICS/PAPERS/HION-2018-03/.thumb_figaux_04a.png"
    },
    {
        "name": ".thumb_figaux_04b.png",
        "url": "https://atlas.web.cern.ch/Atlas/GROUPS/PHYSICS/PAPERS/HION-2018-03/.thumb_figaux_04b.png"
    },
    {
        "name": ".thumb_figaux_04c.png",
        "url": "https://atlas.web.cern.ch/Atlas/GROUPS/PHYSICS/PAPERS/HION-2018-03/.thumb_figaux_04c.png"
    },
    {
        "name": ".thumb_figaux_04d.png",
        "url": "https://atlas.web.cern.ch/Atlas/GROUPS/PHYSICS/PAPERS/HION-2018-03/.thumb_figaux_04d.png"
    },
    {
        "name": ".thumb_figaux_04e.png",
        "url": "https://atlas.web.cern.ch/Atlas/GROUPS/PHYSICS/PAPERS/HION-2018-03/.thumb_figaux_04e.png"
    },
    {
        "name": ".thumb_figaux_04f.png",
        "url": "https://atlas.web.cern.ch/Atlas/GROUPS/PHYSICS/PAPERS/HION-2018-03/.thumb_figaux_04f.png"
    },
    {
        "name": ".thumb_figaux_05a.png",
        "url": "https://atlas.web.cern.ch/Atlas/GROUPS/PHYSICS/PAPERS/HION-2018-03/.thumb_figaux_05a.png"
    },
    {
        "name": ".thumb_figaux_05b.png",
        "url": "https://atlas.web.cern.ch/Atlas/GROUPS/PHYSICS/PAPERS/HION-2018-03/.thumb_figaux_05b.png"
    },
    {
        "name": ".thumb_figaux_05c.png",
        "url": "https://atlas.web.cern.ch/Atlas/GROUPS/PHYSICS/PAPERS/HION-2018-03/.thumb_figaux_05c.png"
    },
    {
        "name": ".thumb_figaux_05d.png",
        "url": "https://atlas.web.cern.ch/Atlas/GROUPS/PHYSICS/PAPERS/HION-2018-03/.thumb_figaux_05d.png"
    },
    {
        "name": ".thumb_figaux_05e.png",
        "url": "https://atlas.web.cern.ch/Atlas/GROUPS/PHYSICS/PAPERS/HION-2018-03/.thumb_figaux_05e.png"
    },
    {
        "name": ".thumb_figaux_05f.png",
        "url": "https://atlas.web.cern.ch/Atlas/GROUPS/PHYSICS/PAPERS/HION-2018-03/.thumb_figaux_05f.png"
    },
    {
        "name": ".thumb_figaux_06a.png",
        "url": "https://atlas.web.cern.ch/Atlas/GROUPS/PHYSICS/PAPERS/HION-2018-03/.thumb_figaux_06a.png"
    },
    {
        "name": ".thumb_figaux_06b.png",
        "url": "https://atlas.web.cern.ch/Atlas/GROUPS/PHYSICS/PAPERS/HION-2018-03/.thumb_figaux_06b.png"
    },
    {
        "name": ".thumb_figaux_06c.png",
        "url": "https://atlas.web.cern.ch/Atlas/GROUPS/PHYSICS/PAPERS/HION-2018-03/.thumb_figaux_06c.png"
    },
    {
        "name": ".thumb_figaux_06d.png",
        "url": "https://atlas.web.cern.ch/Atlas/GROUPS/PHYSICS/PAPERS/HION-2018-03/.thumb_figaux_06d.png"
    },
    {
        "name": ".thumb_figaux_06e.png",
        "url": "https://atlas.web.cern.ch/Atlas/GROUPS/PHYSICS/PAPERS/HION-2018-03/.thumb_figaux_06e.png"
    },
    {
        "name": ".thumb_figaux_06f.png",
        "url": "https://atlas.web.cern.ch/Atlas/GROUPS/PHYSICS/PAPERS/HION-2018-03/.thumb_figaux_06f.png"
    },
    {
        "name": ".thumb_figaux_07a.png",
        "url": "https://atlas.web.cern.ch/Atlas/GROUPS/PHYSICS/PAPERS/HION-2018-03/.thumb_figaux_07a.png"
    },
    {
        "name": ".thumb_figaux_07b.png",
        "url": "https://atlas.web.cern.ch/Atlas/GROUPS/PHYSICS/PAPERS/HION-2018-03/.thumb_figaux_07b.png"
    },
    {
        "name": ".thumb_figaux_07c.png",
        "url": "https://atlas.web.cern.ch/Atlas/GROUPS/PHYSICS/PAPERS/HION-2018-03/.thumb_figaux_07c.png"
    },
    {
        "name": ".thumb_figaux_07d.png",
        "url": "https://atlas.web.cern.ch/Atlas/GROUPS/PHYSICS/PAPERS/HION-2018-03/.thumb_figaux_07d.png"
    },
    {
        "name": ".thumb_figaux_07e.png",
        "url": "https://atlas.web.cern.ch/Atlas/GROUPS/PHYSICS/PAPERS/HION-2018-03/.thumb_figaux_07e.png"
    },
    {
        "name": ".thumb_figaux_07f.png",
        "url": "https://atlas.web.cern.ch/Atlas/GROUPS/PHYSICS/PAPERS/HION-2018-03/.thumb_figaux_07f.png"
    }
]