[
    {
        "name": ".thumb_fig_01a.png",
        "url": "https://atlas.web.cern.ch/Atlas/GROUPS/PHYSICS/PAPERS/STDM-2015-15/.thumb_fig_01a.png"
    },
    {
        "name": ".thumb_fig_01b.png",
        "url": "https://atlas.web.cern.ch/Atlas/GROUPS/PHYSICS/PAPERS/STDM-2015-15/.thumb_fig_01b.png"
    },
    {
        "name": ".thumb_fig_02a.png",
        "url": "https://atlas.web.cern.ch/Atlas/GROUPS/PHYSICS/PAPERS/STDM-2015-15/.thumb_fig_02a.png"
    },
    {
        "name": ".thumb_fig_02b.png",
        "url": "https://atlas.web.cern.ch/Atlas/GROUPS/PHYSICS/PAPERS/STDM-2015-15/.thumb_fig_02b.png"
    },
    {
        "name": ".thumb_fig_02c.png",
        "url": "https://atlas.web.cern.ch/Atlas/GROUPS/PHYSICS/PAPERS/STDM-2015-15/.thumb_fig_02c.png"
    },
    {
        "name": ".thumb_fig_02d.png",
        "url": "https://atlas.web.cern.ch/Atlas/GROUPS/PHYSICS/PAPERS/STDM-2015-15/.thumb_fig_02d.png"
    },
    {
        "name": ".thumb_fig_02e.png",
        "url": "https://atlas.web.cern.ch/Atlas/GROUPS/PHYSICS/PAPERS/STDM-2015-15/.thumb_fig_02e.png"
    },
    {
        "name": ".thumb_fig_02f.png",
        "url": "https://atlas.web.cern.ch/Atlas/GROUPS/PHYSICS/PAPERS/STDM-2015-15/.thumb_fig_02f.png"
    },
    {
        "name": ".thumb_fig_03.png",
        "url": "https://atlas.web.cern.ch/Atlas/GROUPS/PHYSICS/PAPERS/STDM-2015-15/.thumb_fig_03.png"
    },
    {
        "name": ".thumb_fig_04a.png",
        "url": "https://atlas.web.cern.ch/Atlas/GROUPS/PHYSICS/PAPERS/STDM-2015-15/.thumb_fig_04a.png"
    },
    {
        "name": ".thumb_fig_04b.png",
        "url": "https://atlas.web.cern.ch/Atlas/GROUPS/PHYSICS/PAPERS/STDM-2015-15/.thumb_fig_04b.png"
    },
    {
        "name": ".thumb_fig_04c.png",
        "url": "https://atlas.web.cern.ch/Atlas/GROUPS/PHYSICS/PAPERS/STDM-2015-15/.thumb_fig_04c.png"
    },
    {
        "name": ".thumb_fig_04d.png",
        "url": "https://atlas.web.cern.ch/Atlas/GROUPS/PHYSICS/PAPERS/STDM-2015-15/.thumb_fig_04d.png"
    },
    {
        "name": ".thumb_fig_04e.png",
        "url": "https://atlas.web.cern.ch/Atlas/GROUPS/PHYSICS/PAPERS/STDM-2015-15/.thumb_fig_04e.png"
    },
    {
        "name": ".thumb_fig_04f.png",
        "url": "https://atlas.web.cern.ch/Atlas/GROUPS/PHYSICS/PAPERS/STDM-2015-15/.thumb_fig_04f.png"
    },
    {
        "name": ".thumb_fig_05a.png",
        "url": "https://atlas.web.cern.ch/Atlas/GROUPS/PHYSICS/PAPERS/STDM-2015-15/.thumb_fig_05a.png"
    },
    {
        "name": ".thumb_fig_05b.png",
        "url": "https://atlas.web.cern.ch/Atlas/GROUPS/PHYSICS/PAPERS/STDM-2015-15/.thumb_fig_05b.png"
    },
    {
        "name": ".thumb_fig_05c.png",
        "url": "https://atlas.web.cern.ch/Atlas/GROUPS/PHYSICS/PAPERS/STDM-2015-15/.thumb_fig_05c.png"
    },
    {
        "name": ".thumb_fig_05d.png",
        "url": "https://atlas.web.cern.ch/Atlas/GROUPS/PHYSICS/PAPERS/STDM-2015-15/.thumb_fig_05d.png"
    },
    {
        "name": ".thumb_fig_05e.png",
        "url": "https://atlas.web.cern.ch/Atlas/GROUPS/PHYSICS/PAPERS/STDM-2015-15/.thumb_fig_05e.png"
    },
    {
        "name": ".thumb_fig_05f.png",
        "url": "https://atlas.web.cern.ch/Atlas/GROUPS/PHYSICS/PAPERS/STDM-2015-15/.thumb_fig_05f.png"
    },
    {
        "name": ".thumb_tab_01.png",
        "url": "https://atlas.web.cern.ch/Atlas/GROUPS/PHYSICS/PAPERS/STDM-2015-15/.thumb_tab_01.png"
    },
    {
        "name": ".thumb_tab_02.png",
        "url": "https://atlas.web.cern.ch/Atlas/GROUPS/PHYSICS/PAPERS/STDM-2015-15/.thumb_tab_02.png"
    },
    {
        "name": ".thumb_figaux_01.png",
        "url": "https://atlas.web.cern.ch/Atlas/GROUPS/PHYSICS/PAPERS/STDM-2015-15/.thumb_figaux_01.png"
    },
    {
        "name": ".thumb_figaux_02a.png",
        "url": "https://atlas.web.cern.ch/Atlas/GROUPS/PHYSICS/PAPERS/STDM-2015-15/.thumb_figaux_02a.png"
    },
    {
        "name": ".thumb_figaux_02b.png",
        "url": "https://atlas.web.cern.ch/Atlas/GROUPS/PHYSICS/PAPERS/STDM-2015-15/.thumb_figaux_02b.png"
    },
    {
        "name": ".thumb_figaux_03a.png",
        "url": "https://atlas.web.cern.ch/Atlas/GROUPS/PHYSICS/PAPERS/STDM-2015-15/.thumb_figaux_03a.png"
    },
    {
        "name": ".thumb_figaux_03b.png",
        "url": "https://atlas.web.cern.ch/Atlas/GROUPS/PHYSICS/PAPERS/STDM-2015-15/.thumb_figaux_03b.png"
    },
    {
        "name": ".thumb_figaux_04a.png",
        "url": "https://atlas.web.cern.ch/Atlas/GROUPS/PHYSICS/PAPERS/STDM-2015-15/.thumb_figaux_04a.png"
    },
    {
        "name": ".thumb_figaux_04b.png",
        "url": "https://atlas.web.cern.ch/Atlas/GROUPS/PHYSICS/PAPERS/STDM-2015-15/.thumb_figaux_04b.png"
    },
    {
        "name": ".thumb_figaux_04c.png",
        "url": "https://atlas.web.cern.ch/Atlas/GROUPS/PHYSICS/PAPERS/STDM-2015-15/.thumb_figaux_04c.png"
    },
    {
        "name": ".thumb_figaux_04d.png",
        "url": "https://atlas.web.cern.ch/Atlas/GROUPS/PHYSICS/PAPERS/STDM-2015-15/.thumb_figaux_04d.png"
    },
    {
        "name": ".thumb_figaux_04e.png",
        "url": "https://atlas.web.cern.ch/Atlas/GROUPS/PHYSICS/PAPERS/STDM-2015-15/.thumb_figaux_04e.png"
    },
    {
        "name": ".thumb_figaux_04f.png",
        "url": "https://atlas.web.cern.ch/Atlas/GROUPS/PHYSICS/PAPERS/STDM-2015-15/.thumb_figaux_04f.png"
    },
    {
        "name": ".thumb_figaux_05a.png",
        "url": "https://atlas.web.cern.ch/Atlas/GROUPS/PHYSICS/PAPERS/STDM-2015-15/.thumb_figaux_05a.png"
    },
    {
        "name": ".thumb_figaux_05b.png",
        "url": "https://atlas.web.cern.ch/Atlas/GROUPS/PHYSICS/PAPERS/STDM-2015-15/.thumb_figaux_05b.png"
    },
    {
        "name": ".thumb_figaux_05c.png",
        "url": "https://atlas.web.cern.ch/Atlas/GROUPS/PHYSICS/PAPERS/STDM-2015-15/.thumb_figaux_05c.png"
    },
    {
        "name": ".thumb_figaux_05d.png",
        "url": "https://atlas.web.cern.ch/Atlas/GROUPS/PHYSICS/PAPERS/STDM-2015-15/.thumb_figaux_05d.png"
    },
    {
        "name": ".thumb_figaux_05e.png",
        "url": "https://atlas.web.cern.ch/Atlas/GROUPS/PHYSICS/PAPERS/STDM-2015-15/.thumb_figaux_05e.png"
    },
    {
        "name": ".thumb_figaux_05f.png",
        "url": "https://atlas.web.cern.ch/Atlas/GROUPS/PHYSICS/PAPERS/STDM-2015-15/.thumb_figaux_05f.png"
    },
    {
        "name": ".thumb_figaux_06a.png",
        "url": "https://atlas.web.cern.ch/Atlas/GROUPS/PHYSICS/PAPERS/STDM-2015-15/.thumb_figaux_06a.png"
    },
    {
        "name": ".thumb_figaux_06b.png",
        "url": "https://atlas.web.cern.ch/Atlas/GROUPS/PHYSICS/PAPERS/STDM-2015-15/.thumb_figaux_06b.png"
    },
    {
        "name": ".thumb_figaux_07a.png",
        "url": "https://atlas.web.cern.ch/Atlas/GROUPS/PHYSICS/PAPERS/STDM-2015-15/.thumb_figaux_07a.png"
    },
    {
        "name": ".thumb_figaux_07b.png",
        "url": "https://atlas.web.cern.ch/Atlas/GROUPS/PHYSICS/PAPERS/STDM-2015-15/.thumb_figaux_07b.png"
    },
    {
        "name": ".thumb_figaux_08a.png",
        "url": "https://atlas.web.cern.ch/Atlas/GROUPS/PHYSICS/PAPERS/STDM-2015-15/.thumb_figaux_08a.png"
    },
    {
        "name": ".thumb_figaux_08b.png",
        "url": "https://atlas.web.cern.ch/Atlas/GROUPS/PHYSICS/PAPERS/STDM-2015-15/.thumb_figaux_08b.png"
    },
    {
        "name": ".thumb_tabaux_01.png",
        "url": "https://atlas.web.cern.ch/Atlas/GROUPS/PHYSICS/PAPERS/STDM-2015-15/.thumb_tabaux_01.png"
    },
    {
        "name": ".thumb_tabaux_02.png",
        "url": "https://atlas.web.cern.ch/Atlas/GROUPS/PHYSICS/PAPERS/STDM-2015-15/.thumb_tabaux_02.png"
    },
    {
        "name": ".thumb_tabaux_03.png",
        "url": "https://atlas.web.cern.ch/Atlas/GROUPS/PHYSICS/PAPERS/STDM-2015-15/.thumb_tabaux_03.png"
    },
    {
        "name": ".thumb_tabaux_04.png",
        "url": "https://atlas.web.cern.ch/Atlas/GROUPS/PHYSICS/PAPERS/STDM-2015-15/.thumb_tabaux_04.png"
    },
    {
        "name": ".thumb_tabaux_05.png",
        "url": "https://atlas.web.cern.ch/Atlas/GROUPS/PHYSICS/PAPERS/STDM-2015-15/.thumb_tabaux_05.png"
    },
    {
        "name": ".thumb_tabaux_06.png",
        "url": "https://atlas.web.cern.ch/Atlas/GROUPS/PHYSICS/PAPERS/STDM-2015-15/.thumb_tabaux_06.png"
    },
    {
        "name": ".thumb_tabaux_07.png",
        "url": "https://atlas.web.cern.ch/Atlas/GROUPS/PHYSICS/PAPERS/STDM-2015-15/.thumb_tabaux_07.png"
    }
]