[
    {
        "name": ".thumb_fig_01a.png",
        "url": "https://atlas.web.cern.ch/Atlas/GROUPS/PHYSICS/PAPERS/.thumb_fig_01a.png"
    },
    {
        "name": ".thumb_fig_01b.png",
        "url": "https://atlas.web.cern.ch/Atlas/GROUPS/PHYSICS/PAPERS/.thumb_fig_01b.png"
    },
    {
        "name": ".thumb_fig_02.png",
        "url": "https://atlas.web.cern.ch/Atlas/GROUPS/PHYSICS/PAPERS/.thumb_fig_02.png"
    },
    {
        "name": ".thumb_fig_03a.png",
        "url": "https://atlas.web.cern.ch/Atlas/GROUPS/PHYSICS/PAPERS/.thumb_fig_03a.png"
    },
    {
        "name": ".thumb_fig_03b.png",
        "url": "https://atlas.web.cern.ch/Atlas/GROUPS/PHYSICS/PAPERS/.thumb_fig_03b.png"
    },
    {
        "name": ".thumb_fig_03c.png",
        "url": "https://atlas.web.cern.ch/Atlas/GROUPS/PHYSICS/PAPERS/.thumb_fig_03c.png"
    },
    {
        "name": ".thumb_fig_03d.png",
        "url": "https://atlas.web.cern.ch/Atlas/GROUPS/PHYSICS/PAPERS/.thumb_fig_03d.png"
    },
    {
        "name": ".thumb_fig_03e.png",
        "url": "https://atlas.web.cern.ch/Atlas/GROUPS/PHYSICS/PAPERS/.thumb_fig_03e.png"
    },
    {
        "name": ".thumb_fig_03f.png",
        "url": "https://atlas.web.cern.ch/Atlas/GROUPS/PHYSICS/PAPERS/.thumb_fig_03f.png"
    },
    {
        "name": ".thumb_fig_04a.png",
        "url": "https://atlas.web.cern.ch/Atlas/GROUPS/PHYSICS/PAPERS/.thumb_fig_04a.png"
    },
    {
        "name": ".thumb_fig_04b.png",
        "url": "https://atlas.web.cern.ch/Atlas/GROUPS/PHYSICS/PAPERS/.thumb_fig_04b.png"
    },
    {
        "name": ".thumb_tab_01.png",
        "url": "https://atlas.web.cern.ch/Atlas/GROUPS/PHYSICS/PAPERS/.thumb_tab_01.png"
    },
    {
        "name": ".thumb_tab_02.png",
        "url": "https://atlas.web.cern.ch/Atlas/GROUPS/PHYSICS/PAPERS/.thumb_tab_02.png"
    },
    {
        "name": ".thumb_figaux_01a.png",
        "url": "https://atlas.web.cern.ch/Atlas/GROUPS/PHYSICS/PAPERS/.thumb_figaux_01a.png"
    },
    {
        "name": ".thumb_figaux_01b.png",
        "url": "https://atlas.web.cern.ch/Atlas/GROUPS/PHYSICS/PAPERS/.thumb_figaux_01b.png"
    },
    {
        "name": ".thumb_figaux_01c.png",
        "url": "https://atlas.web.cern.ch/Atlas/GROUPS/PHYSICS/PAPERS/.thumb_figaux_01c.png"
    },
    {
        "name": ".thumb_figaux_02a.png",
        "url": "https://atlas.web.cern.ch/Atlas/GROUPS/PHYSICS/PAPERS/.thumb_figaux_02a.png"
    },
    {
        "name": ".thumb_figaux_02b.png",
        "url": "https://atlas.web.cern.ch/Atlas/GROUPS/PHYSICS/PAPERS/.thumb_figaux_02b.png"
    },
    {
        "name": ".thumb_figaux_03a.png",
        "url": "https://atlas.web.cern.ch/Atlas/GROUPS/PHYSICS/PAPERS/.thumb_figaux_03a.png"
    },
    {
        "name": ".thumb_figaux_03b.png",
        "url": "https://atlas.web.cern.ch/Atlas/GROUPS/PHYSICS/PAPERS/.thumb_figaux_03b.png"
    }
]