[
    {
        "name": ".thumb_fig_01a.png",
        "url": "http://atlas.web.cern.ch/Atlas/GROUPS/PHYSICS/PAPERS/.thumb_fig_01a.png"
    },
    {
        "name": ".thumb_fig_01b.png",
        "url": "http://atlas.web.cern.ch/Atlas/GROUPS/PHYSICS/PAPERS/.thumb_fig_01b.png"
    },
    {
        "name": ".thumb_fig_02a.png",
        "url": "http://atlas.web.cern.ch/Atlas/GROUPS/PHYSICS/PAPERS/.thumb_fig_02a.png"
    },
    {
        "name": ".thumb_fig_02b.png",
        "url": "http://atlas.web.cern.ch/Atlas/GROUPS/PHYSICS/PAPERS/.thumb_fig_02b.png"
    },
    {
        "name": ".thumb_fig_03a.png",
        "url": "http://atlas.web.cern.ch/Atlas/GROUPS/PHYSICS/PAPERS/.thumb_fig_03a.png"
    },
    {
        "name": ".thumb_fig_03b.png",
        "url": "http://atlas.web.cern.ch/Atlas/GROUPS/PHYSICS/PAPERS/.thumb_fig_03b.png"
    },
    {
        "name": ".thumb_fig_04a.png",
        "url": "http://atlas.web.cern.ch/Atlas/GROUPS/PHYSICS/PAPERS/.thumb_fig_04a.png"
    },
    {
        "name": ".thumb_fig_04b.png",
        "url": "http://atlas.web.cern.ch/Atlas/GROUPS/PHYSICS/PAPERS/.thumb_fig_04b.png"
    },
    {
        "name": ".thumb_fig_04c.png",
        "url": "http://atlas.web.cern.ch/Atlas/GROUPS/PHYSICS/PAPERS/.thumb_fig_04c.png"
    },
    {
        "name": ".thumb_fig_05a.png",
        "url": "http://atlas.web.cern.ch/Atlas/GROUPS/PHYSICS/PAPERS/.thumb_fig_05a.png"
    },
    {
        "name": ".thumb_fig_05b.png",
        "url": "http://atlas.web.cern.ch/Atlas/GROUPS/PHYSICS/PAPERS/.thumb_fig_05b.png"
    },
    {
        "name": ".thumb_fig_05c.png",
        "url": "http://atlas.web.cern.ch/Atlas/GROUPS/PHYSICS/PAPERS/.thumb_fig_05c.png"
    },
    {
        "name": ".thumb_fig_06a.png",
        "url": "http://atlas.web.cern.ch/Atlas/GROUPS/PHYSICS/PAPERS/.thumb_fig_06a.png"
    },
    {
        "name": ".thumb_fig_06b.png",
        "url": "http://atlas.web.cern.ch/Atlas/GROUPS/PHYSICS/PAPERS/.thumb_fig_06b.png"
    },
    {
        "name": ".thumb_fig_07.png",
        "url": "http://atlas.web.cern.ch/Atlas/GROUPS/PHYSICS/PAPERS/.thumb_fig_07.png"
    },
    {
        "name": ".thumb_fig_08a.png",
        "url": "http://atlas.web.cern.ch/Atlas/GROUPS/PHYSICS/PAPERS/.thumb_fig_08a.png"
    },
    {
        "name": ".thumb_fig_08b.png",
        "url": "http://atlas.web.cern.ch/Atlas/GROUPS/PHYSICS/PAPERS/.thumb_fig_08b.png"
    },
    {
        "name": ".thumb_fig_08c.png",
        "url": "http://atlas.web.cern.ch/Atlas/GROUPS/PHYSICS/PAPERS/.thumb_fig_08c.png"
    },
    {
        "name": ".thumb_fig_09.png",
        "url": "http://atlas.web.cern.ch/Atlas/GROUPS/PHYSICS/PAPERS/.thumb_fig_09.png"
    },
    {
        "name": ".thumb_fig_10a.png",
        "url": "http://atlas.web.cern.ch/Atlas/GROUPS/PHYSICS/PAPERS/.thumb_fig_10a.png"
    },
    {
        "name": ".thumb_fig_10b.png",
        "url": "http://atlas.web.cern.ch/Atlas/GROUPS/PHYSICS/PAPERS/.thumb_fig_10b.png"
    },
    {
        "name": ".thumb_fig_10c.png",
        "url": "http://atlas.web.cern.ch/Atlas/GROUPS/PHYSICS/PAPERS/.thumb_fig_10c.png"
    },
    {
        "name": ".thumb_fig_11.png",
        "url": "http://atlas.web.cern.ch/Atlas/GROUPS/PHYSICS/PAPERS/.thumb_fig_11.png"
    },
    {
        "name": ".thumb_fig_12a.png",
        "url": "http://atlas.web.cern.ch/Atlas/GROUPS/PHYSICS/PAPERS/.thumb_fig_12a.png"
    },
    {
        "name": ".thumb_fig_12b.png",
        "url": "http://atlas.web.cern.ch/Atlas/GROUPS/PHYSICS/PAPERS/.thumb_fig_12b.png"
    },
    {
        "name": ".thumb_fig_12c.png",
        "url": "http://atlas.web.cern.ch/Atlas/GROUPS/PHYSICS/PAPERS/.thumb_fig_12c.png"
    },
    {
        "name": ".thumb_tab_01.png",
        "url": "http://atlas.web.cern.ch/Atlas/GROUPS/PHYSICS/PAPERS/.thumb_tab_01.png"
    },
    {
        "name": ".thumb_tab_02.png",
        "url": "http://atlas.web.cern.ch/Atlas/GROUPS/PHYSICS/PAPERS/.thumb_tab_02.png"
    },
    {
        "name": ".thumb_figaux_01.png",
        "url": "http://atlas.web.cern.ch/Atlas/GROUPS/PHYSICS/PAPERS/.thumb_figaux_01.png"
    },
    {
        "name": ".thumb_figaux_02a.png",
        "url": "http://atlas.web.cern.ch/Atlas/GROUPS/PHYSICS/PAPERS/.thumb_figaux_02a.png"
    },
    {
        "name": ".thumb_figaux_02b.png",
        "url": "http://atlas.web.cern.ch/Atlas/GROUPS/PHYSICS/PAPERS/.thumb_figaux_02b.png"
    },
    {
        "name": ".thumb_figaux_02c.png",
        "url": "http://atlas.web.cern.ch/Atlas/GROUPS/PHYSICS/PAPERS/.thumb_figaux_02c.png"
    },
    {
        "name": ".thumb_figaux_03a.png",
        "url": "http://atlas.web.cern.ch/Atlas/GROUPS/PHYSICS/PAPERS/.thumb_figaux_03a.png"
    },
    {
        "name": ".thumb_figaux_03b.png",
        "url": "http://atlas.web.cern.ch/Atlas/GROUPS/PHYSICS/PAPERS/.thumb_figaux_03b.png"
    },
    {
        "name": ".thumb_figaux_03c.png",
        "url": "http://atlas.web.cern.ch/Atlas/GROUPS/PHYSICS/PAPERS/.thumb_figaux_03c.png"
    },
    {
        "name": ".thumb_figaux_04a.png",
        "url": "http://atlas.web.cern.ch/Atlas/GROUPS/PHYSICS/PAPERS/.thumb_figaux_04a.png"
    },
    {
        "name": ".thumb_figaux_04b.png",
        "url": "http://atlas.web.cern.ch/Atlas/GROUPS/PHYSICS/PAPERS/.thumb_figaux_04b.png"
    },
    {
        "name": ".thumb_figaux_04c.png",
        "url": "http://atlas.web.cern.ch/Atlas/GROUPS/PHYSICS/PAPERS/.thumb_figaux_04c.png"
    },
    {
        "name": ".thumb_figaux_05a.png",
        "url": "http://atlas.web.cern.ch/Atlas/GROUPS/PHYSICS/PAPERS/.thumb_figaux_05a.png"
    },
    {
        "name": ".thumb_figaux_05b.png",
        "url": "http://atlas.web.cern.ch/Atlas/GROUPS/PHYSICS/PAPERS/.thumb_figaux_05b.png"
    },
    {
        "name": ".thumb_figaux_05c.png",
        "url": "http://atlas.web.cern.ch/Atlas/GROUPS/PHYSICS/PAPERS/.thumb_figaux_05c.png"
    },
    {
        "name": ".thumb_figaux_06a.png",
        "url": "http://atlas.web.cern.ch/Atlas/GROUPS/PHYSICS/PAPERS/.thumb_figaux_06a.png"
    },
    {
        "name": ".thumb_figaux_06b.png",
        "url": "http://atlas.web.cern.ch/Atlas/GROUPS/PHYSICS/PAPERS/.thumb_figaux_06b.png"
    },
    {
        "name": ".thumb_figaux_06c.png",
        "url": "http://atlas.web.cern.ch/Atlas/GROUPS/PHYSICS/PAPERS/.thumb_figaux_06c.png"
    },
    {
        "name": ".thumb_figaux_07a.png",
        "url": "http://atlas.web.cern.ch/Atlas/GROUPS/PHYSICS/PAPERS/.thumb_figaux_07a.png"
    },
    {
        "name": ".thumb_figaux_07b.png",
        "url": "http://atlas.web.cern.ch/Atlas/GROUPS/PHYSICS/PAPERS/.thumb_figaux_07b.png"
    },
    {
        "name": ".thumb_figaux_07c.png",
        "url": "http://atlas.web.cern.ch/Atlas/GROUPS/PHYSICS/PAPERS/.thumb_figaux_07c.png"
    },
    {
        "name": ".thumb_figaux_08.png",
        "url": "http://atlas.web.cern.ch/Atlas/GROUPS/PHYSICS/PAPERS/.thumb_figaux_08.png"
    },
    {
        "name": ".thumb_figaux_09a.png",
        "url": "http://atlas.web.cern.ch/Atlas/GROUPS/PHYSICS/PAPERS/.thumb_figaux_09a.png"
    },
    {
        "name": ".thumb_figaux_09b.png",
        "url": "http://atlas.web.cern.ch/Atlas/GROUPS/PHYSICS/PAPERS/.thumb_figaux_09b.png"
    },
    {
        "name": ".thumb_figaux_09c.png",
        "url": "http://atlas.web.cern.ch/Atlas/GROUPS/PHYSICS/PAPERS/.thumb_figaux_09c.png"
    },
    {
        "name": ".thumb_figaux_10a.png",
        "url": "http://atlas.web.cern.ch/Atlas/GROUPS/PHYSICS/PAPERS/.thumb_figaux_10a.png"
    },
    {
        "name": ".thumb_figaux_10b.png",
        "url": "http://atlas.web.cern.ch/Atlas/GROUPS/PHYSICS/PAPERS/.thumb_figaux_10b.png"
    },
    {
        "name": ".thumb_figaux_10c.png",
        "url": "http://atlas.web.cern.ch/Atlas/GROUPS/PHYSICS/PAPERS/.thumb_figaux_10c.png"
    },
    {
        "name": ".thumb_figaux_11a.png",
        "url": "http://atlas.web.cern.ch/Atlas/GROUPS/PHYSICS/PAPERS/.thumb_figaux_11a.png"
    },
    {
        "name": ".thumb_figaux_11b.png",
        "url": "http://atlas.web.cern.ch/Atlas/GROUPS/PHYSICS/PAPERS/.thumb_figaux_11b.png"
    },
    {
        "name": ".thumb_figaux_11c.png",
        "url": "http://atlas.web.cern.ch/Atlas/GROUPS/PHYSICS/PAPERS/.thumb_figaux_11c.png"
    },
    {
        "name": ".thumb_figaux_12a.png",
        "url": "http://atlas.web.cern.ch/Atlas/GROUPS/PHYSICS/PAPERS/.thumb_figaux_12a.png"
    },
    {
        "name": ".thumb_figaux_12b.png",
        "url": "http://atlas.web.cern.ch/Atlas/GROUPS/PHYSICS/PAPERS/.thumb_figaux_12b.png"
    },
    {
        "name": ".thumb_figaux_12c.png",
        "url": "http://atlas.web.cern.ch/Atlas/GROUPS/PHYSICS/PAPERS/.thumb_figaux_12c.png"
    },
    {
        "name": ".thumb_figaux_13a.png",
        "url": "http://atlas.web.cern.ch/Atlas/GROUPS/PHYSICS/PAPERS/.thumb_figaux_13a.png"
    },
    {
        "name": ".thumb_figaux_13b.png",
        "url": "http://atlas.web.cern.ch/Atlas/GROUPS/PHYSICS/PAPERS/.thumb_figaux_13b.png"
    },
    {
        "name": ".thumb_figaux_13c.png",
        "url": "http://atlas.web.cern.ch/Atlas/GROUPS/PHYSICS/PAPERS/.thumb_figaux_13c.png"
    },
    {
        "name": ".thumb_figaux_14a.png",
        "url": "http://atlas.web.cern.ch/Atlas/GROUPS/PHYSICS/PAPERS/.thumb_figaux_14a.png"
    },
    {
        "name": ".thumb_figaux_14b.png",
        "url": "http://atlas.web.cern.ch/Atlas/GROUPS/PHYSICS/PAPERS/.thumb_figaux_14b.png"
    },
    {
        "name": ".thumb_figaux_14c.png",
        "url": "http://atlas.web.cern.ch/Atlas/GROUPS/PHYSICS/PAPERS/.thumb_figaux_14c.png"
    },
    {
        "name": ".thumb_figaux_15a.png",
        "url": "http://atlas.web.cern.ch/Atlas/GROUPS/PHYSICS/PAPERS/.thumb_figaux_15a.png"
    },
    {
        "name": ".thumb_figaux_15b.png",
        "url": "http://atlas.web.cern.ch/Atlas/GROUPS/PHYSICS/PAPERS/.thumb_figaux_15b.png"
    },
    {
        "name": ".thumb_figaux_16a.png",
        "url": "http://atlas.web.cern.ch/Atlas/GROUPS/PHYSICS/PAPERS/.thumb_figaux_16a.png"
    },
    {
        "name": ".thumb_figaux_16b.png",
        "url": "http://atlas.web.cern.ch/Atlas/GROUPS/PHYSICS/PAPERS/.thumb_figaux_16b.png"
    },
    {
        "name": ".thumb_figaux_16c.png",
        "url": "http://atlas.web.cern.ch/Atlas/GROUPS/PHYSICS/PAPERS/.thumb_figaux_16c.png"
    },
    {
        "name": ".thumb_figaux_17a.png",
        "url": "http://atlas.web.cern.ch/Atlas/GROUPS/PHYSICS/PAPERS/.thumb_figaux_17a.png"
    },
    {
        "name": ".thumb_figaux_17b.png",
        "url": "http://atlas.web.cern.ch/Atlas/GROUPS/PHYSICS/PAPERS/.thumb_figaux_17b.png"
    },
    {
        "name": ".thumb_figaux_17c.png",
        "url": "http://atlas.web.cern.ch/Atlas/GROUPS/PHYSICS/PAPERS/.thumb_figaux_17c.png"
    },
    {
        "name": ".thumb_figaux_18a.png",
        "url": "http://atlas.web.cern.ch/Atlas/GROUPS/PHYSICS/PAPERS/.thumb_figaux_18a.png"
    },
    {
        "name": ".thumb_figaux_18b.png",
        "url": "http://atlas.web.cern.ch/Atlas/GROUPS/PHYSICS/PAPERS/.thumb_figaux_18b.png"
    },
    {
        "name": ".thumb_figaux_18c.png",
        "url": "http://atlas.web.cern.ch/Atlas/GROUPS/PHYSICS/PAPERS/.thumb_figaux_18c.png"
    },
    {
        "name": ".thumb_figaux_19a.png",
        "url": "http://atlas.web.cern.ch/Atlas/GROUPS/PHYSICS/PAPERS/.thumb_figaux_19a.png"
    },
    {
        "name": ".thumb_figaux_19b.png",
        "url": "http://atlas.web.cern.ch/Atlas/GROUPS/PHYSICS/PAPERS/.thumb_figaux_19b.png"
    },
    {
        "name": ".thumb_figaux_19c.png",
        "url": "http://atlas.web.cern.ch/Atlas/GROUPS/PHYSICS/PAPERS/.thumb_figaux_19c.png"
    },
    {
        "name": ".thumb_figaux_20a.png",
        "url": "http://atlas.web.cern.ch/Atlas/GROUPS/PHYSICS/PAPERS/.thumb_figaux_20a.png"
    },
    {
        "name": ".thumb_figaux_20b.png",
        "url": "http://atlas.web.cern.ch/Atlas/GROUPS/PHYSICS/PAPERS/.thumb_figaux_20b.png"
    },
    {
        "name": ".thumb_figaux_20c.png",
        "url": "http://atlas.web.cern.ch/Atlas/GROUPS/PHYSICS/PAPERS/.thumb_figaux_20c.png"
    },
    {
        "name": ".thumb_figaux_21a.png",
        "url": "http://atlas.web.cern.ch/Atlas/GROUPS/PHYSICS/PAPERS/.thumb_figaux_21a.png"
    },
    {
        "name": ".thumb_figaux_21b.png",
        "url": "http://atlas.web.cern.ch/Atlas/GROUPS/PHYSICS/PAPERS/.thumb_figaux_21b.png"
    },
    {
        "name": ".thumb_figaux_21c.png",
        "url": "http://atlas.web.cern.ch/Atlas/GROUPS/PHYSICS/PAPERS/.thumb_figaux_21c.png"
    },
    {
        "name": ".thumb_figaux_22a.png",
        "url": "http://atlas.web.cern.ch/Atlas/GROUPS/PHYSICS/PAPERS/.thumb_figaux_22a.png"
    },
    {
        "name": ".thumb_figaux_22b.png",
        "url": "http://atlas.web.cern.ch/Atlas/GROUPS/PHYSICS/PAPERS/.thumb_figaux_22b.png"
    },
    {
        "name": ".thumb_figaux_22c.png",
        "url": "http://atlas.web.cern.ch/Atlas/GROUPS/PHYSICS/PAPERS/.thumb_figaux_22c.png"
    },
    {
        "name": ".thumb_figaux_23a.png",
        "url": "http://atlas.web.cern.ch/Atlas/GROUPS/PHYSICS/PAPERS/.thumb_figaux_23a.png"
    },
    {
        "name": ".thumb_figaux_23b.png",
        "url": "http://atlas.web.cern.ch/Atlas/GROUPS/PHYSICS/PAPERS/.thumb_figaux_23b.png"
    }
]