[
    {
        "name": ".thumb_fig_01a.png",
        "url": "https://atlas.web.cern.ch/Atlas/GROUPS/PHYSICS/PAPERS/SUSY-2013-02/.thumb_fig_01a.png"
    },
    {
        "name": ".thumb_fig_01b.png",
        "url": "https://atlas.web.cern.ch/Atlas/GROUPS/PHYSICS/PAPERS/SUSY-2013-02/.thumb_fig_01b.png"
    },
    {
        "name": ".thumb_fig_01c.png",
        "url": "https://atlas.web.cern.ch/Atlas/GROUPS/PHYSICS/PAPERS/SUSY-2013-02/.thumb_fig_01c.png"
    },
    {
        "name": ".thumb_fig_01d.png",
        "url": "https://atlas.web.cern.ch/Atlas/GROUPS/PHYSICS/PAPERS/SUSY-2013-02/.thumb_fig_01d.png"
    },
    {
        "name": ".thumb_fig_02a.png",
        "url": "https://atlas.web.cern.ch/Atlas/GROUPS/PHYSICS/PAPERS/SUSY-2013-02/.thumb_fig_02a.png"
    },
    {
        "name": ".thumb_fig_02b.png",
        "url": "https://atlas.web.cern.ch/Atlas/GROUPS/PHYSICS/PAPERS/SUSY-2013-02/.thumb_fig_02b.png"
    },
    {
        "name": ".thumb_fig_02c.png",
        "url": "https://atlas.web.cern.ch/Atlas/GROUPS/PHYSICS/PAPERS/SUSY-2013-02/.thumb_fig_02c.png"
    },
    {
        "name": ".thumb_fig_02d.png",
        "url": "https://atlas.web.cern.ch/Atlas/GROUPS/PHYSICS/PAPERS/SUSY-2013-02/.thumb_fig_02d.png"
    },
    {
        "name": ".thumb_fig_03.png",
        "url": "https://atlas.web.cern.ch/Atlas/GROUPS/PHYSICS/PAPERS/SUSY-2013-02/.thumb_fig_03.png"
    },
    {
        "name": ".thumb_fig_04a.png",
        "url": "https://atlas.web.cern.ch/Atlas/GROUPS/PHYSICS/PAPERS/SUSY-2013-02/.thumb_fig_04a.png"
    },
    {
        "name": ".thumb_fig_04b.png",
        "url": "https://atlas.web.cern.ch/Atlas/GROUPS/PHYSICS/PAPERS/SUSY-2013-02/.thumb_fig_04b.png"
    },
    {
        "name": ".thumb_fig_04c.png",
        "url": "https://atlas.web.cern.ch/Atlas/GROUPS/PHYSICS/PAPERS/SUSY-2013-02/.thumb_fig_04c.png"
    },
    {
        "name": ".thumb_fig_04d.png",
        "url": "https://atlas.web.cern.ch/Atlas/GROUPS/PHYSICS/PAPERS/SUSY-2013-02/.thumb_fig_04d.png"
    },
    {
        "name": ".thumb_fig_04e.png",
        "url": "https://atlas.web.cern.ch/Atlas/GROUPS/PHYSICS/PAPERS/SUSY-2013-02/.thumb_fig_04e.png"
    },
    {
        "name": ".thumb_fig_04f.png",
        "url": "https://atlas.web.cern.ch/Atlas/GROUPS/PHYSICS/PAPERS/SUSY-2013-02/.thumb_fig_04f.png"
    },
    {
        "name": ".thumb_fig_05a.png",
        "url": "https://atlas.web.cern.ch/Atlas/GROUPS/PHYSICS/PAPERS/SUSY-2013-02/.thumb_fig_05a.png"
    },
    {
        "name": ".thumb_fig_05b.png",
        "url": "https://atlas.web.cern.ch/Atlas/GROUPS/PHYSICS/PAPERS/SUSY-2013-02/.thumb_fig_05b.png"
    },
    {
        "name": ".thumb_fig_05c.png",
        "url": "https://atlas.web.cern.ch/Atlas/GROUPS/PHYSICS/PAPERS/SUSY-2013-02/.thumb_fig_05c.png"
    },
    {
        "name": ".thumb_fig_05d.png",
        "url": "https://atlas.web.cern.ch/Atlas/GROUPS/PHYSICS/PAPERS/SUSY-2013-02/.thumb_fig_05d.png"
    },
    {
        "name": ".thumb_fig_05e.png",
        "url": "https://atlas.web.cern.ch/Atlas/GROUPS/PHYSICS/PAPERS/SUSY-2013-02/.thumb_fig_05e.png"
    },
    {
        "name": ".thumb_fig_05f.png",
        "url": "https://atlas.web.cern.ch/Atlas/GROUPS/PHYSICS/PAPERS/SUSY-2013-02/.thumb_fig_05f.png"
    },
    {
        "name": ".thumb_fig_06a.png",
        "url": "https://atlas.web.cern.ch/Atlas/GROUPS/PHYSICS/PAPERS/SUSY-2013-02/.thumb_fig_06a.png"
    },
    {
        "name": ".thumb_fig_06b.png",
        "url": "https://atlas.web.cern.ch/Atlas/GROUPS/PHYSICS/PAPERS/SUSY-2013-02/.thumb_fig_06b.png"
    },
    {
        "name": ".thumb_fig_06c.png",
        "url": "https://atlas.web.cern.ch/Atlas/GROUPS/PHYSICS/PAPERS/SUSY-2013-02/.thumb_fig_06c.png"
    },
    {
        "name": ".thumb_fig_06d.png",
        "url": "https://atlas.web.cern.ch/Atlas/GROUPS/PHYSICS/PAPERS/SUSY-2013-02/.thumb_fig_06d.png"
    },
    {
        "name": ".thumb_fig_07.png",
        "url": "https://atlas.web.cern.ch/Atlas/GROUPS/PHYSICS/PAPERS/SUSY-2013-02/.thumb_fig_07.png"
    },
    {
        "name": ".thumb_fig_08a.png",
        "url": "https://atlas.web.cern.ch/Atlas/GROUPS/PHYSICS/PAPERS/SUSY-2013-02/.thumb_fig_08a.png"
    },
    {
        "name": ".thumb_fig_08b.png",
        "url": "https://atlas.web.cern.ch/Atlas/GROUPS/PHYSICS/PAPERS/SUSY-2013-02/.thumb_fig_08b.png"
    },
    {
        "name": ".thumb_fig_09.png",
        "url": "https://atlas.web.cern.ch/Atlas/GROUPS/PHYSICS/PAPERS/SUSY-2013-02/.thumb_fig_09.png"
    },
    {
        "name": ".thumb_fig_10a.png",
        "url": "https://atlas.web.cern.ch/Atlas/GROUPS/PHYSICS/PAPERS/SUSY-2013-02/.thumb_fig_10a.png"
    },
    {
        "name": ".thumb_fig_10b.png",
        "url": "https://atlas.web.cern.ch/Atlas/GROUPS/PHYSICS/PAPERS/SUSY-2013-02/.thumb_fig_10b.png"
    },
    {
        "name": ".thumb_fig_10c.png",
        "url": "https://atlas.web.cern.ch/Atlas/GROUPS/PHYSICS/PAPERS/SUSY-2013-02/.thumb_fig_10c.png"
    },
    {
        "name": ".thumb_fig_11a.png",
        "url": "https://atlas.web.cern.ch/Atlas/GROUPS/PHYSICS/PAPERS/SUSY-2013-02/.thumb_fig_11a.png"
    },
    {
        "name": ".thumb_fig_11b.png",
        "url": "https://atlas.web.cern.ch/Atlas/GROUPS/PHYSICS/PAPERS/SUSY-2013-02/.thumb_fig_11b.png"
    },
    {
        "name": ".thumb_fig_12a.png",
        "url": "https://atlas.web.cern.ch/Atlas/GROUPS/PHYSICS/PAPERS/SUSY-2013-02/.thumb_fig_12a.png"
    },
    {
        "name": ".thumb_fig_12b.png",
        "url": "https://atlas.web.cern.ch/Atlas/GROUPS/PHYSICS/PAPERS/SUSY-2013-02/.thumb_fig_12b.png"
    },
    {
        "name": ".thumb_fig_12c.png",
        "url": "https://atlas.web.cern.ch/Atlas/GROUPS/PHYSICS/PAPERS/SUSY-2013-02/.thumb_fig_12c.png"
    },
    {
        "name": ".thumb_fig_12d.png",
        "url": "https://atlas.web.cern.ch/Atlas/GROUPS/PHYSICS/PAPERS/SUSY-2013-02/.thumb_fig_12d.png"
    },
    {
        "name": ".thumb_fig_13a.png",
        "url": "https://atlas.web.cern.ch/Atlas/GROUPS/PHYSICS/PAPERS/SUSY-2013-02/.thumb_fig_13a.png"
    },
    {
        "name": ".thumb_fig_13b.png",
        "url": "https://atlas.web.cern.ch/Atlas/GROUPS/PHYSICS/PAPERS/SUSY-2013-02/.thumb_fig_13b.png"
    },
    {
        "name": ".thumb_figaux_01a.png",
        "url": "https://atlas.web.cern.ch/Atlas/GROUPS/PHYSICS/PAPERS/SUSY-2013-02/.thumb_figaux_01a.png"
    },
    {
        "name": ".thumb_figaux_01b.png",
        "url": "https://atlas.web.cern.ch/Atlas/GROUPS/PHYSICS/PAPERS/SUSY-2013-02/.thumb_figaux_01b.png"
    },
    {
        "name": ".thumb_figaux_01c.png",
        "url": "https://atlas.web.cern.ch/Atlas/GROUPS/PHYSICS/PAPERS/SUSY-2013-02/.thumb_figaux_01c.png"
    },
    {
        "name": ".thumb_figaux_01d.png",
        "url": "https://atlas.web.cern.ch/Atlas/GROUPS/PHYSICS/PAPERS/SUSY-2013-02/.thumb_figaux_01d.png"
    },
    {
        "name": ".thumb_figaux_02a.png",
        "url": "https://atlas.web.cern.ch/Atlas/GROUPS/PHYSICS/PAPERS/SUSY-2013-02/.thumb_figaux_02a.png"
    },
    {
        "name": ".thumb_figaux_02b.png",
        "url": "https://atlas.web.cern.ch/Atlas/GROUPS/PHYSICS/PAPERS/SUSY-2013-02/.thumb_figaux_02b.png"
    },
    {
        "name": ".thumb_figaux_02c.png",
        "url": "https://atlas.web.cern.ch/Atlas/GROUPS/PHYSICS/PAPERS/SUSY-2013-02/.thumb_figaux_02c.png"
    },
    {
        "name": ".thumb_figaux_02d.png",
        "url": "https://atlas.web.cern.ch/Atlas/GROUPS/PHYSICS/PAPERS/SUSY-2013-02/.thumb_figaux_02d.png"
    },
    {
        "name": ".thumb_figaux_03a.png",
        "url": "https://atlas.web.cern.ch/Atlas/GROUPS/PHYSICS/PAPERS/SUSY-2013-02/.thumb_figaux_03a.png"
    },
    {
        "name": ".thumb_figaux_03b.png",
        "url": "https://atlas.web.cern.ch/Atlas/GROUPS/PHYSICS/PAPERS/SUSY-2013-02/.thumb_figaux_03b.png"
    },
    {
        "name": ".thumb_figaux_03c.png",
        "url": "https://atlas.web.cern.ch/Atlas/GROUPS/PHYSICS/PAPERS/SUSY-2013-02/.thumb_figaux_03c.png"
    },
    {
        "name": ".thumb_figaux_03d.png",
        "url": "https://atlas.web.cern.ch/Atlas/GROUPS/PHYSICS/PAPERS/SUSY-2013-02/.thumb_figaux_03d.png"
    },
    {
        "name": ".thumb_figaux_04a.png",
        "url": "https://atlas.web.cern.ch/Atlas/GROUPS/PHYSICS/PAPERS/SUSY-2013-02/.thumb_figaux_04a.png"
    },
    {
        "name": ".thumb_figaux_04b.png",
        "url": "https://atlas.web.cern.ch/Atlas/GROUPS/PHYSICS/PAPERS/SUSY-2013-02/.thumb_figaux_04b.png"
    },
    {
        "name": ".thumb_figaux_04c.png",
        "url": "https://atlas.web.cern.ch/Atlas/GROUPS/PHYSICS/PAPERS/SUSY-2013-02/.thumb_figaux_04c.png"
    },
    {
        "name": ".thumb_figaux_04d.png",
        "url": "https://atlas.web.cern.ch/Atlas/GROUPS/PHYSICS/PAPERS/SUSY-2013-02/.thumb_figaux_04d.png"
    },
    {
        "name": ".thumb_figaux_05.png",
        "url": "https://atlas.web.cern.ch/Atlas/GROUPS/PHYSICS/PAPERS/SUSY-2013-02/.thumb_figaux_05.png"
    },
    {
        "name": ".thumb_figaux_06a.png",
        "url": "https://atlas.web.cern.ch/Atlas/GROUPS/PHYSICS/PAPERS/SUSY-2013-02/.thumb_figaux_06a.png"
    },
    {
        "name": ".thumb_figaux_06b.png",
        "url": "https://atlas.web.cern.ch/Atlas/GROUPS/PHYSICS/PAPERS/SUSY-2013-02/.thumb_figaux_06b.png"
    },
    {
        "name": ".thumb_figaux_07a.png",
        "url": "https://atlas.web.cern.ch/Atlas/GROUPS/PHYSICS/PAPERS/SUSY-2013-02/.thumb_figaux_07a.png"
    },
    {
        "name": ".thumb_figaux_07b.png",
        "url": "https://atlas.web.cern.ch/Atlas/GROUPS/PHYSICS/PAPERS/SUSY-2013-02/.thumb_figaux_07b.png"
    },
    {
        "name": ".thumb_figaux_07c.png",
        "url": "https://atlas.web.cern.ch/Atlas/GROUPS/PHYSICS/PAPERS/SUSY-2013-02/.thumb_figaux_07c.png"
    },
    {
        "name": ".thumb_figaux_08a.png",
        "url": "https://atlas.web.cern.ch/Atlas/GROUPS/PHYSICS/PAPERS/SUSY-2013-02/.thumb_figaux_08a.png"
    },
    {
        "name": ".thumb_figaux_08b.png",
        "url": "https://atlas.web.cern.ch/Atlas/GROUPS/PHYSICS/PAPERS/SUSY-2013-02/.thumb_figaux_08b.png"
    },
    {
        "name": ".thumb_figaux_08c.png",
        "url": "https://atlas.web.cern.ch/Atlas/GROUPS/PHYSICS/PAPERS/SUSY-2013-02/.thumb_figaux_08c.png"
    },
    {
        "name": ".thumb_figaux_09a.png",
        "url": "https://atlas.web.cern.ch/Atlas/GROUPS/PHYSICS/PAPERS/SUSY-2013-02/.thumb_figaux_09a.png"
    },
    {
        "name": ".thumb_figaux_09b.png",
        "url": "https://atlas.web.cern.ch/Atlas/GROUPS/PHYSICS/PAPERS/SUSY-2013-02/.thumb_figaux_09b.png"
    },
    {
        "name": ".thumb_figaux_09c.png",
        "url": "https://atlas.web.cern.ch/Atlas/GROUPS/PHYSICS/PAPERS/SUSY-2013-02/.thumb_figaux_09c.png"
    },
    {
        "name": ".thumb_figaux_10a.png",
        "url": "https://atlas.web.cern.ch/Atlas/GROUPS/PHYSICS/PAPERS/SUSY-2013-02/.thumb_figaux_10a.png"
    },
    {
        "name": ".thumb_figaux_10b.png",
        "url": "https://atlas.web.cern.ch/Atlas/GROUPS/PHYSICS/PAPERS/SUSY-2013-02/.thumb_figaux_10b.png"
    },
    {
        "name": ".thumb_figaux_10c.png",
        "url": "https://atlas.web.cern.ch/Atlas/GROUPS/PHYSICS/PAPERS/SUSY-2013-02/.thumb_figaux_10c.png"
    },
    {
        "name": ".thumb_figaux_10d.png",
        "url": "https://atlas.web.cern.ch/Atlas/GROUPS/PHYSICS/PAPERS/SUSY-2013-02/.thumb_figaux_10d.png"
    },
    {
        "name": ".thumb_figaux_11a.png",
        "url": "https://atlas.web.cern.ch/Atlas/GROUPS/PHYSICS/PAPERS/SUSY-2013-02/.thumb_figaux_11a.png"
    },
    {
        "name": ".thumb_figaux_11b.png",
        "url": "https://atlas.web.cern.ch/Atlas/GROUPS/PHYSICS/PAPERS/SUSY-2013-02/.thumb_figaux_11b.png"
    },
    {
        "name": ".thumb_figaux_11c.png",
        "url": "https://atlas.web.cern.ch/Atlas/GROUPS/PHYSICS/PAPERS/SUSY-2013-02/.thumb_figaux_11c.png"
    },
    {
        "name": ".thumb_figaux_11d.png",
        "url": "https://atlas.web.cern.ch/Atlas/GROUPS/PHYSICS/PAPERS/SUSY-2013-02/.thumb_figaux_11d.png"
    },
    {
        "name": ".thumb_figaux_12a.png",
        "url": "https://atlas.web.cern.ch/Atlas/GROUPS/PHYSICS/PAPERS/SUSY-2013-02/.thumb_figaux_12a.png"
    },
    {
        "name": ".thumb_figaux_12b.png",
        "url": "https://atlas.web.cern.ch/Atlas/GROUPS/PHYSICS/PAPERS/SUSY-2013-02/.thumb_figaux_12b.png"
    },
    {
        "name": ".thumb_figaux_13.png",
        "url": "https://atlas.web.cern.ch/Atlas/GROUPS/PHYSICS/PAPERS/SUSY-2013-02/.thumb_figaux_13.png"
    },
    {
        "name": ".thumb_figaux_14.png",
        "url": "https://atlas.web.cern.ch/Atlas/GROUPS/PHYSICS/PAPERS/SUSY-2013-02/.thumb_figaux_14.png"
    },
    {
        "name": ".thumb_figaux_15a.png",
        "url": "https://atlas.web.cern.ch/Atlas/GROUPS/PHYSICS/PAPERS/SUSY-2013-02/.thumb_figaux_15a.png"
    },
    {
        "name": ".thumb_figaux_15b.png",
        "url": "https://atlas.web.cern.ch/Atlas/GROUPS/PHYSICS/PAPERS/SUSY-2013-02/.thumb_figaux_15b.png"
    },
    {
        "name": ".thumb_figaux_15c.png",
        "url": "https://atlas.web.cern.ch/Atlas/GROUPS/PHYSICS/PAPERS/SUSY-2013-02/.thumb_figaux_15c.png"
    },
    {
        "name": ".thumb_figaux_16a.png",
        "url": "https://atlas.web.cern.ch/Atlas/GROUPS/PHYSICS/PAPERS/SUSY-2013-02/.thumb_figaux_16a.png"
    },
    {
        "name": ".thumb_figaux_16b.png",
        "url": "https://atlas.web.cern.ch/Atlas/GROUPS/PHYSICS/PAPERS/SUSY-2013-02/.thumb_figaux_16b.png"
    },
    {
        "name": ".thumb_figaux_16c.png",
        "url": "https://atlas.web.cern.ch/Atlas/GROUPS/PHYSICS/PAPERS/SUSY-2013-02/.thumb_figaux_16c.png"
    },
    {
        "name": ".thumb_figaux_17a.png",
        "url": "https://atlas.web.cern.ch/Atlas/GROUPS/PHYSICS/PAPERS/SUSY-2013-02/.thumb_figaux_17a.png"
    },
    {
        "name": ".thumb_figaux_17b.png",
        "url": "https://atlas.web.cern.ch/Atlas/GROUPS/PHYSICS/PAPERS/SUSY-2013-02/.thumb_figaux_17b.png"
    },
    {
        "name": ".thumb_figaux_17c.png",
        "url": "https://atlas.web.cern.ch/Atlas/GROUPS/PHYSICS/PAPERS/SUSY-2013-02/.thumb_figaux_17c.png"
    },
    {
        "name": ".thumb_figaux_18a.png",
        "url": "https://atlas.web.cern.ch/Atlas/GROUPS/PHYSICS/PAPERS/SUSY-2013-02/.thumb_figaux_18a.png"
    },
    {
        "name": ".thumb_figaux_18b.png",
        "url": "https://atlas.web.cern.ch/Atlas/GROUPS/PHYSICS/PAPERS/SUSY-2013-02/.thumb_figaux_18b.png"
    },
    {
        "name": ".thumb_figaux_18c.png",
        "url": "https://atlas.web.cern.ch/Atlas/GROUPS/PHYSICS/PAPERS/SUSY-2013-02/.thumb_figaux_18c.png"
    },
    {
        "name": ".thumb_figaux_19a.png",
        "url": "https://atlas.web.cern.ch/Atlas/GROUPS/PHYSICS/PAPERS/SUSY-2013-02/.thumb_figaux_19a.png"
    },
    {
        "name": ".thumb_figaux_19b.png",
        "url": "https://atlas.web.cern.ch/Atlas/GROUPS/PHYSICS/PAPERS/SUSY-2013-02/.thumb_figaux_19b.png"
    },
    {
        "name": ".thumb_figaux_19c.png",
        "url": "https://atlas.web.cern.ch/Atlas/GROUPS/PHYSICS/PAPERS/SUSY-2013-02/.thumb_figaux_19c.png"
    },
    {
        "name": ".thumb_figaux_20a.png",
        "url": "https://atlas.web.cern.ch/Atlas/GROUPS/PHYSICS/PAPERS/SUSY-2013-02/.thumb_figaux_20a.png"
    },
    {
        "name": ".thumb_figaux_20b.png",
        "url": "https://atlas.web.cern.ch/Atlas/GROUPS/PHYSICS/PAPERS/SUSY-2013-02/.thumb_figaux_20b.png"
    },
    {
        "name": ".thumb_figaux_20c.png",
        "url": "https://atlas.web.cern.ch/Atlas/GROUPS/PHYSICS/PAPERS/SUSY-2013-02/.thumb_figaux_20c.png"
    },
    {
        "name": ".thumb_figaux_21a.png",
        "url": "https://atlas.web.cern.ch/Atlas/GROUPS/PHYSICS/PAPERS/SUSY-2013-02/.thumb_figaux_21a.png"
    },
    {
        "name": ".thumb_figaux_21b.png",
        "url": "https://atlas.web.cern.ch/Atlas/GROUPS/PHYSICS/PAPERS/SUSY-2013-02/.thumb_figaux_21b.png"
    },
    {
        "name": ".thumb_figaux_21c.png",
        "url": "https://atlas.web.cern.ch/Atlas/GROUPS/PHYSICS/PAPERS/SUSY-2013-02/.thumb_figaux_21c.png"
    },
    {
        "name": ".thumb_figaux_22a.png",
        "url": "https://atlas.web.cern.ch/Atlas/GROUPS/PHYSICS/PAPERS/SUSY-2013-02/.thumb_figaux_22a.png"
    },
    {
        "name": ".thumb_figaux_22b.png",
        "url": "https://atlas.web.cern.ch/Atlas/GROUPS/PHYSICS/PAPERS/SUSY-2013-02/.thumb_figaux_22b.png"
    },
    {
        "name": ".thumb_figaux_22c.png",
        "url": "https://atlas.web.cern.ch/Atlas/GROUPS/PHYSICS/PAPERS/SUSY-2013-02/.thumb_figaux_22c.png"
    },
    {
        "name": ".thumb_figaux_23a.png",
        "url": "https://atlas.web.cern.ch/Atlas/GROUPS/PHYSICS/PAPERS/SUSY-2013-02/.thumb_figaux_23a.png"
    },
    {
        "name": ".thumb_figaux_23b.png",
        "url": "https://atlas.web.cern.ch/Atlas/GROUPS/PHYSICS/PAPERS/SUSY-2013-02/.thumb_figaux_23b.png"
    },
    {
        "name": ".thumb_figaux_23c.png",
        "url": "https://atlas.web.cern.ch/Atlas/GROUPS/PHYSICS/PAPERS/SUSY-2013-02/.thumb_figaux_23c.png"
    },
    {
        "name": ".thumb_figaux_24a.png",
        "url": "https://atlas.web.cern.ch/Atlas/GROUPS/PHYSICS/PAPERS/SUSY-2013-02/.thumb_figaux_24a.png"
    },
    {
        "name": ".thumb_figaux_24b.png",
        "url": "https://atlas.web.cern.ch/Atlas/GROUPS/PHYSICS/PAPERS/SUSY-2013-02/.thumb_figaux_24b.png"
    },
    {
        "name": ".thumb_figaux_24c.png",
        "url": "https://atlas.web.cern.ch/Atlas/GROUPS/PHYSICS/PAPERS/SUSY-2013-02/.thumb_figaux_24c.png"
    },
    {
        "name": ".thumb_figaux_25a.png",
        "url": "https://atlas.web.cern.ch/Atlas/GROUPS/PHYSICS/PAPERS/SUSY-2013-02/.thumb_figaux_25a.png"
    },
    {
        "name": ".thumb_figaux_25b.png",
        "url": "https://atlas.web.cern.ch/Atlas/GROUPS/PHYSICS/PAPERS/SUSY-2013-02/.thumb_figaux_25b.png"
    },
    {
        "name": ".thumb_figaux_25c.png",
        "url": "https://atlas.web.cern.ch/Atlas/GROUPS/PHYSICS/PAPERS/SUSY-2013-02/.thumb_figaux_25c.png"
    },
    {
        "name": ".thumb_figaux_26a.png",
        "url": "https://atlas.web.cern.ch/Atlas/GROUPS/PHYSICS/PAPERS/SUSY-2013-02/.thumb_figaux_26a.png"
    },
    {
        "name": ".thumb_figaux_26b.png",
        "url": "https://atlas.web.cern.ch/Atlas/GROUPS/PHYSICS/PAPERS/SUSY-2013-02/.thumb_figaux_26b.png"
    },
    {
        "name": ".thumb_figaux_26c.png",
        "url": "https://atlas.web.cern.ch/Atlas/GROUPS/PHYSICS/PAPERS/SUSY-2013-02/.thumb_figaux_26c.png"
    },
    {
        "name": ".thumb_figaux_27a.png",
        "url": "https://atlas.web.cern.ch/Atlas/GROUPS/PHYSICS/PAPERS/SUSY-2013-02/.thumb_figaux_27a.png"
    },
    {
        "name": ".thumb_figaux_27b.png",
        "url": "https://atlas.web.cern.ch/Atlas/GROUPS/PHYSICS/PAPERS/SUSY-2013-02/.thumb_figaux_27b.png"
    },
    {
        "name": ".thumb_figaux_27c.png",
        "url": "https://atlas.web.cern.ch/Atlas/GROUPS/PHYSICS/PAPERS/SUSY-2013-02/.thumb_figaux_27c.png"
    },
    {
        "name": ".thumb_figaux_28a.png",
        "url": "https://atlas.web.cern.ch/Atlas/GROUPS/PHYSICS/PAPERS/SUSY-2013-02/.thumb_figaux_28a.png"
    },
    {
        "name": ".thumb_figaux_28b.png",
        "url": "https://atlas.web.cern.ch/Atlas/GROUPS/PHYSICS/PAPERS/SUSY-2013-02/.thumb_figaux_28b.png"
    },
    {
        "name": ".thumb_figaux_28c.png",
        "url": "https://atlas.web.cern.ch/Atlas/GROUPS/PHYSICS/PAPERS/SUSY-2013-02/.thumb_figaux_28c.png"
    },
    {
        "name": ".thumb_figaux_29a.png",
        "url": "https://atlas.web.cern.ch/Atlas/GROUPS/PHYSICS/PAPERS/SUSY-2013-02/.thumb_figaux_29a.png"
    },
    {
        "name": ".thumb_figaux_29b.png",
        "url": "https://atlas.web.cern.ch/Atlas/GROUPS/PHYSICS/PAPERS/SUSY-2013-02/.thumb_figaux_29b.png"
    },
    {
        "name": ".thumb_figaux_29c.png",
        "url": "https://atlas.web.cern.ch/Atlas/GROUPS/PHYSICS/PAPERS/SUSY-2013-02/.thumb_figaux_29c.png"
    },
    {
        "name": ".thumb_figaux_30.png",
        "url": "https://atlas.web.cern.ch/Atlas/GROUPS/PHYSICS/PAPERS/SUSY-2013-02/.thumb_figaux_30.png"
    },
    {
        "name": ".thumb_figaux_31a.png",
        "url": "https://atlas.web.cern.ch/Atlas/GROUPS/PHYSICS/PAPERS/SUSY-2013-02/.thumb_figaux_31a.png"
    },
    {
        "name": ".thumb_figaux_31b.png",
        "url": "https://atlas.web.cern.ch/Atlas/GROUPS/PHYSICS/PAPERS/SUSY-2013-02/.thumb_figaux_31b.png"
    },
    {
        "name": ".thumb_figaux_31c.png",
        "url": "https://atlas.web.cern.ch/Atlas/GROUPS/PHYSICS/PAPERS/SUSY-2013-02/.thumb_figaux_31c.png"
    },
    {
        "name": ".thumb_figaux_32a.png",
        "url": "https://atlas.web.cern.ch/Atlas/GROUPS/PHYSICS/PAPERS/SUSY-2013-02/.thumb_figaux_32a.png"
    },
    {
        "name": ".thumb_figaux_32b.png",
        "url": "https://atlas.web.cern.ch/Atlas/GROUPS/PHYSICS/PAPERS/SUSY-2013-02/.thumb_figaux_32b.png"
    },
    {
        "name": ".thumb_figaux_32c.png",
        "url": "https://atlas.web.cern.ch/Atlas/GROUPS/PHYSICS/PAPERS/SUSY-2013-02/.thumb_figaux_32c.png"
    },
    {
        "name": ".thumb_figaux_33a.png",
        "url": "https://atlas.web.cern.ch/Atlas/GROUPS/PHYSICS/PAPERS/SUSY-2013-02/.thumb_figaux_33a.png"
    },
    {
        "name": ".thumb_figaux_33b.png",
        "url": "https://atlas.web.cern.ch/Atlas/GROUPS/PHYSICS/PAPERS/SUSY-2013-02/.thumb_figaux_33b.png"
    },
    {
        "name": ".thumb_figaux_33c.png",
        "url": "https://atlas.web.cern.ch/Atlas/GROUPS/PHYSICS/PAPERS/SUSY-2013-02/.thumb_figaux_33c.png"
    },
    {
        "name": ".thumb_figaux_34a.png",
        "url": "https://atlas.web.cern.ch/Atlas/GROUPS/PHYSICS/PAPERS/SUSY-2013-02/.thumb_figaux_34a.png"
    },
    {
        "name": ".thumb_figaux_34b.png",
        "url": "https://atlas.web.cern.ch/Atlas/GROUPS/PHYSICS/PAPERS/SUSY-2013-02/.thumb_figaux_34b.png"
    },
    {
        "name": ".thumb_figaux_34c.png",
        "url": "https://atlas.web.cern.ch/Atlas/GROUPS/PHYSICS/PAPERS/SUSY-2013-02/.thumb_figaux_34c.png"
    },
    {
        "name": ".thumb_figaux_35a.png",
        "url": "https://atlas.web.cern.ch/Atlas/GROUPS/PHYSICS/PAPERS/SUSY-2013-02/.thumb_figaux_35a.png"
    },
    {
        "name": ".thumb_figaux_35b.png",
        "url": "https://atlas.web.cern.ch/Atlas/GROUPS/PHYSICS/PAPERS/SUSY-2013-02/.thumb_figaux_35b.png"
    },
    {
        "name": ".thumb_figaux_35c.png",
        "url": "https://atlas.web.cern.ch/Atlas/GROUPS/PHYSICS/PAPERS/SUSY-2013-02/.thumb_figaux_35c.png"
    },
    {
        "name": ".thumb_figaux_36a.png",
        "url": "https://atlas.web.cern.ch/Atlas/GROUPS/PHYSICS/PAPERS/SUSY-2013-02/.thumb_figaux_36a.png"
    },
    {
        "name": ".thumb_figaux_36b.png",
        "url": "https://atlas.web.cern.ch/Atlas/GROUPS/PHYSICS/PAPERS/SUSY-2013-02/.thumb_figaux_36b.png"
    },
    {
        "name": ".thumb_figaux_36c.png",
        "url": "https://atlas.web.cern.ch/Atlas/GROUPS/PHYSICS/PAPERS/SUSY-2013-02/.thumb_figaux_36c.png"
    },
    {
        "name": ".thumb_figaux_37a.png",
        "url": "https://atlas.web.cern.ch/Atlas/GROUPS/PHYSICS/PAPERS/SUSY-2013-02/.thumb_figaux_37a.png"
    },
    {
        "name": ".thumb_figaux_37b.png",
        "url": "https://atlas.web.cern.ch/Atlas/GROUPS/PHYSICS/PAPERS/SUSY-2013-02/.thumb_figaux_37b.png"
    },
    {
        "name": ".thumb_figaux_37c.png",
        "url": "https://atlas.web.cern.ch/Atlas/GROUPS/PHYSICS/PAPERS/SUSY-2013-02/.thumb_figaux_37c.png"
    },
    {
        "name": ".thumb_figaux_38a.png",
        "url": "https://atlas.web.cern.ch/Atlas/GROUPS/PHYSICS/PAPERS/SUSY-2013-02/.thumb_figaux_38a.png"
    },
    {
        "name": ".thumb_figaux_38b.png",
        "url": "https://atlas.web.cern.ch/Atlas/GROUPS/PHYSICS/PAPERS/SUSY-2013-02/.thumb_figaux_38b.png"
    },
    {
        "name": ".thumb_figaux_38c.png",
        "url": "https://atlas.web.cern.ch/Atlas/GROUPS/PHYSICS/PAPERS/SUSY-2013-02/.thumb_figaux_38c.png"
    },
    {
        "name": ".thumb_figaux_39a.png",
        "url": "https://atlas.web.cern.ch/Atlas/GROUPS/PHYSICS/PAPERS/SUSY-2013-02/.thumb_figaux_39a.png"
    },
    {
        "name": ".thumb_figaux_39b.png",
        "url": "https://atlas.web.cern.ch/Atlas/GROUPS/PHYSICS/PAPERS/SUSY-2013-02/.thumb_figaux_39b.png"
    },
    {
        "name": ".thumb_figaux_39c.png",
        "url": "https://atlas.web.cern.ch/Atlas/GROUPS/PHYSICS/PAPERS/SUSY-2013-02/.thumb_figaux_39c.png"
    },
    {
        "name": ".thumb_figaux_40a.png",
        "url": "https://atlas.web.cern.ch/Atlas/GROUPS/PHYSICS/PAPERS/SUSY-2013-02/.thumb_figaux_40a.png"
    },
    {
        "name": ".thumb_figaux_40b.png",
        "url": "https://atlas.web.cern.ch/Atlas/GROUPS/PHYSICS/PAPERS/SUSY-2013-02/.thumb_figaux_40b.png"
    },
    {
        "name": ".thumb_figaux_40c.png",
        "url": "https://atlas.web.cern.ch/Atlas/GROUPS/PHYSICS/PAPERS/SUSY-2013-02/.thumb_figaux_40c.png"
    },
    {
        "name": ".thumb_figaux_41a.png",
        "url": "https://atlas.web.cern.ch/Atlas/GROUPS/PHYSICS/PAPERS/SUSY-2013-02/.thumb_figaux_41a.png"
    },
    {
        "name": ".thumb_figaux_41b.png",
        "url": "https://atlas.web.cern.ch/Atlas/GROUPS/PHYSICS/PAPERS/SUSY-2013-02/.thumb_figaux_41b.png"
    },
    {
        "name": ".thumb_figaux_41c.png",
        "url": "https://atlas.web.cern.ch/Atlas/GROUPS/PHYSICS/PAPERS/SUSY-2013-02/.thumb_figaux_41c.png"
    },
    {
        "name": ".thumb_figaux_42a.png",
        "url": "https://atlas.web.cern.ch/Atlas/GROUPS/PHYSICS/PAPERS/SUSY-2013-02/.thumb_figaux_42a.png"
    },
    {
        "name": ".thumb_figaux_42b.png",
        "url": "https://atlas.web.cern.ch/Atlas/GROUPS/PHYSICS/PAPERS/SUSY-2013-02/.thumb_figaux_42b.png"
    },
    {
        "name": ".thumb_figaux_42c.png",
        "url": "https://atlas.web.cern.ch/Atlas/GROUPS/PHYSICS/PAPERS/SUSY-2013-02/.thumb_figaux_42c.png"
    },
    {
        "name": ".thumb_figaux_43a.png",
        "url": "https://atlas.web.cern.ch/Atlas/GROUPS/PHYSICS/PAPERS/SUSY-2013-02/.thumb_figaux_43a.png"
    },
    {
        "name": ".thumb_figaux_43b.png",
        "url": "https://atlas.web.cern.ch/Atlas/GROUPS/PHYSICS/PAPERS/SUSY-2013-02/.thumb_figaux_43b.png"
    },
    {
        "name": ".thumb_figaux_43c.png",
        "url": "https://atlas.web.cern.ch/Atlas/GROUPS/PHYSICS/PAPERS/SUSY-2013-02/.thumb_figaux_43c.png"
    },
    {
        "name": ".thumb_figaux_44a.png",
        "url": "https://atlas.web.cern.ch/Atlas/GROUPS/PHYSICS/PAPERS/SUSY-2013-02/.thumb_figaux_44a.png"
    },
    {
        "name": ".thumb_figaux_44b.png",
        "url": "https://atlas.web.cern.ch/Atlas/GROUPS/PHYSICS/PAPERS/SUSY-2013-02/.thumb_figaux_44b.png"
    },
    {
        "name": ".thumb_figaux_44c.png",
        "url": "https://atlas.web.cern.ch/Atlas/GROUPS/PHYSICS/PAPERS/SUSY-2013-02/.thumb_figaux_44c.png"
    },
    {
        "name": ".thumb_figaux_45a.png",
        "url": "https://atlas.web.cern.ch/Atlas/GROUPS/PHYSICS/PAPERS/SUSY-2013-02/.thumb_figaux_45a.png"
    },
    {
        "name": ".thumb_figaux_45b.png",
        "url": "https://atlas.web.cern.ch/Atlas/GROUPS/PHYSICS/PAPERS/SUSY-2013-02/.thumb_figaux_45b.png"
    },
    {
        "name": ".thumb_figaux_45c.png",
        "url": "https://atlas.web.cern.ch/Atlas/GROUPS/PHYSICS/PAPERS/SUSY-2013-02/.thumb_figaux_45c.png"
    },
    {
        "name": ".thumb_figaux_46.png",
        "url": "https://atlas.web.cern.ch/Atlas/GROUPS/PHYSICS/PAPERS/SUSY-2013-02/.thumb_figaux_46.png"
    }
]