[
    {
        "name": ".thumb_fig_001a.png",
        "url": "http://atlas.web.cern.ch/Atlas/GROUPS/PHYSICS/PAPERS/GENR-2019-02/.thumb_fig_001a.png"
    },
    {
        "name": ".thumb_fig_001b.png",
        "url": "http://atlas.web.cern.ch/Atlas/GROUPS/PHYSICS/PAPERS/GENR-2019-02/.thumb_fig_001b.png"
    },
    {
        "name": ".thumb_fig_001c.png",
        "url": "http://atlas.web.cern.ch/Atlas/GROUPS/PHYSICS/PAPERS/GENR-2019-02/.thumb_fig_001c.png"
    },
    {
        "name": ".thumb_fig_002.png",
        "url": "http://atlas.web.cern.ch/Atlas/GROUPS/PHYSICS/PAPERS/GENR-2019-02/.thumb_fig_002.png"
    },
    {
        "name": ".thumb_fig_003.png",
        "url": "http://atlas.web.cern.ch/Atlas/GROUPS/PHYSICS/PAPERS/GENR-2019-02/.thumb_fig_003.png"
    },
    {
        "name": ".thumb_fig_004.png",
        "url": "http://atlas.web.cern.ch/Atlas/GROUPS/PHYSICS/PAPERS/GENR-2019-02/.thumb_fig_004.png"
    },
    {
        "name": ".thumb_fig_005.png",
        "url": "http://atlas.web.cern.ch/Atlas/GROUPS/PHYSICS/PAPERS/GENR-2019-02/.thumb_fig_005.png"
    },
    {
        "name": ".thumb_fig_006.png",
        "url": "http://atlas.web.cern.ch/Atlas/GROUPS/PHYSICS/PAPERS/GENR-2019-02/.thumb_fig_006.png"
    },
    {
        "name": ".thumb_fig_007.png",
        "url": "http://atlas.web.cern.ch/Atlas/GROUPS/PHYSICS/PAPERS/GENR-2019-02/.thumb_fig_007.png"
    },
    {
        "name": ".thumb_fig_008a.png",
        "url": "http://atlas.web.cern.ch/Atlas/GROUPS/PHYSICS/PAPERS/GENR-2019-02/.thumb_fig_008a.png"
    },
    {
        "name": ".thumb_fig_008b.png",
        "url": "http://atlas.web.cern.ch/Atlas/GROUPS/PHYSICS/PAPERS/GENR-2019-02/.thumb_fig_008b.png"
    },
    {
        "name": ".thumb_fig_009.png",
        "url": "http://atlas.web.cern.ch/Atlas/GROUPS/PHYSICS/PAPERS/GENR-2019-02/.thumb_fig_009.png"
    },
    {
        "name": ".thumb_fig_010a.png",
        "url": "http://atlas.web.cern.ch/Atlas/GROUPS/PHYSICS/PAPERS/GENR-2019-02/.thumb_fig_010a.png"
    },
    {
        "name": ".thumb_fig_010b.png",
        "url": "http://atlas.web.cern.ch/Atlas/GROUPS/PHYSICS/PAPERS/GENR-2019-02/.thumb_fig_010b.png"
    },
    {
        "name": ".thumb_fig_011a.png",
        "url": "http://atlas.web.cern.ch/Atlas/GROUPS/PHYSICS/PAPERS/GENR-2019-02/.thumb_fig_011a.png"
    },
    {
        "name": ".thumb_fig_011b.png",
        "url": "http://atlas.web.cern.ch/Atlas/GROUPS/PHYSICS/PAPERS/GENR-2019-02/.thumb_fig_011b.png"
    },
    {
        "name": ".thumb_fig_012a.png",
        "url": "http://atlas.web.cern.ch/Atlas/GROUPS/PHYSICS/PAPERS/GENR-2019-02/.thumb_fig_012a.png"
    },
    {
        "name": ".thumb_fig_012b.png",
        "url": "http://atlas.web.cern.ch/Atlas/GROUPS/PHYSICS/PAPERS/GENR-2019-02/.thumb_fig_012b.png"
    },
    {
        "name": ".thumb_fig_013.png",
        "url": "http://atlas.web.cern.ch/Atlas/GROUPS/PHYSICS/PAPERS/GENR-2019-02/.thumb_fig_013.png"
    },
    {
        "name": ".thumb_fig_014.png",
        "url": "http://atlas.web.cern.ch/Atlas/GROUPS/PHYSICS/PAPERS/GENR-2019-02/.thumb_fig_014.png"
    },
    {
        "name": ".thumb_fig_015.png",
        "url": "http://atlas.web.cern.ch/Atlas/GROUPS/PHYSICS/PAPERS/GENR-2019-02/.thumb_fig_015.png"
    },
    {
        "name": ".thumb_fig_016.png",
        "url": "http://atlas.web.cern.ch/Atlas/GROUPS/PHYSICS/PAPERS/GENR-2019-02/.thumb_fig_016.png"
    },
    {
        "name": ".thumb_fig_017.png",
        "url": "http://atlas.web.cern.ch/Atlas/GROUPS/PHYSICS/PAPERS/GENR-2019-02/.thumb_fig_017.png"
    },
    {
        "name": ".thumb_fig_018.png",
        "url": "http://atlas.web.cern.ch/Atlas/GROUPS/PHYSICS/PAPERS/GENR-2019-02/.thumb_fig_018.png"
    },
    {
        "name": ".thumb_fig_019.png",
        "url": "http://atlas.web.cern.ch/Atlas/GROUPS/PHYSICS/PAPERS/GENR-2019-02/.thumb_fig_019.png"
    },
    {
        "name": ".thumb_fig_020.png",
        "url": "http://atlas.web.cern.ch/Atlas/GROUPS/PHYSICS/PAPERS/GENR-2019-02/.thumb_fig_020.png"
    },
    {
        "name": ".thumb_fig_021.png",
        "url": "http://atlas.web.cern.ch/Atlas/GROUPS/PHYSICS/PAPERS/GENR-2019-02/.thumb_fig_021.png"
    },
    {
        "name": ".thumb_fig_022.png",
        "url": "http://atlas.web.cern.ch/Atlas/GROUPS/PHYSICS/PAPERS/GENR-2019-02/.thumb_fig_022.png"
    },
    {
        "name": ".thumb_fig_023.png",
        "url": "http://atlas.web.cern.ch/Atlas/GROUPS/PHYSICS/PAPERS/GENR-2019-02/.thumb_fig_023.png"
    },
    {
        "name": ".thumb_fig_024.png",
        "url": "http://atlas.web.cern.ch/Atlas/GROUPS/PHYSICS/PAPERS/GENR-2019-02/.thumb_fig_024.png"
    },
    {
        "name": ".thumb_fig_025.png",
        "url": "http://atlas.web.cern.ch/Atlas/GROUPS/PHYSICS/PAPERS/GENR-2019-02/.thumb_fig_025.png"
    },
    {
        "name": ".thumb_fig_026a.png",
        "url": "http://atlas.web.cern.ch/Atlas/GROUPS/PHYSICS/PAPERS/GENR-2019-02/.thumb_fig_026a.png"
    },
    {
        "name": ".thumb_fig_026b.png",
        "url": "http://atlas.web.cern.ch/Atlas/GROUPS/PHYSICS/PAPERS/GENR-2019-02/.thumb_fig_026b.png"
    },
    {
        "name": ".thumb_fig_027.png",
        "url": "http://atlas.web.cern.ch/Atlas/GROUPS/PHYSICS/PAPERS/GENR-2019-02/.thumb_fig_027.png"
    },
    {
        "name": ".thumb_fig_028.png",
        "url": "http://atlas.web.cern.ch/Atlas/GROUPS/PHYSICS/PAPERS/GENR-2019-02/.thumb_fig_028.png"
    },
    {
        "name": ".thumb_fig_029.png",
        "url": "http://atlas.web.cern.ch/Atlas/GROUPS/PHYSICS/PAPERS/GENR-2019-02/.thumb_fig_029.png"
    },
    {
        "name": ".thumb_fig_030a.png",
        "url": "http://atlas.web.cern.ch/Atlas/GROUPS/PHYSICS/PAPERS/GENR-2019-02/.thumb_fig_030a.png"
    },
    {
        "name": ".thumb_fig_030b.png",
        "url": "http://atlas.web.cern.ch/Atlas/GROUPS/PHYSICS/PAPERS/GENR-2019-02/.thumb_fig_030b.png"
    },
    {
        "name": ".thumb_fig_031.png",
        "url": "http://atlas.web.cern.ch/Atlas/GROUPS/PHYSICS/PAPERS/GENR-2019-02/.thumb_fig_031.png"
    },
    {
        "name": ".thumb_fig_032.png",
        "url": "http://atlas.web.cern.ch/Atlas/GROUPS/PHYSICS/PAPERS/GENR-2019-02/.thumb_fig_032.png"
    },
    {
        "name": ".thumb_fig_033a.png",
        "url": "http://atlas.web.cern.ch/Atlas/GROUPS/PHYSICS/PAPERS/GENR-2019-02/.thumb_fig_033a.png"
    },
    {
        "name": ".thumb_fig_033b.png",
        "url": "http://atlas.web.cern.ch/Atlas/GROUPS/PHYSICS/PAPERS/GENR-2019-02/.thumb_fig_033b.png"
    },
    {
        "name": ".thumb_fig_034.png",
        "url": "http://atlas.web.cern.ch/Atlas/GROUPS/PHYSICS/PAPERS/GENR-2019-02/.thumb_fig_034.png"
    },
    {
        "name": ".thumb_fig_035a.png",
        "url": "http://atlas.web.cern.ch/Atlas/GROUPS/PHYSICS/PAPERS/GENR-2019-02/.thumb_fig_035a.png"
    },
    {
        "name": ".thumb_fig_035b.png",
        "url": "http://atlas.web.cern.ch/Atlas/GROUPS/PHYSICS/PAPERS/GENR-2019-02/.thumb_fig_035b.png"
    },
    {
        "name": ".thumb_fig_035c.png",
        "url": "http://atlas.web.cern.ch/Atlas/GROUPS/PHYSICS/PAPERS/GENR-2019-02/.thumb_fig_035c.png"
    },
    {
        "name": ".thumb_fig_035d.png",
        "url": "http://atlas.web.cern.ch/Atlas/GROUPS/PHYSICS/PAPERS/GENR-2019-02/.thumb_fig_035d.png"
    },
    {
        "name": ".thumb_fig_036.png",
        "url": "http://atlas.web.cern.ch/Atlas/GROUPS/PHYSICS/PAPERS/GENR-2019-02/.thumb_fig_036.png"
    },
    {
        "name": ".thumb_fig_037.png",
        "url": "http://atlas.web.cern.ch/Atlas/GROUPS/PHYSICS/PAPERS/GENR-2019-02/.thumb_fig_037.png"
    },
    {
        "name": ".thumb_fig_038.png",
        "url": "http://atlas.web.cern.ch/Atlas/GROUPS/PHYSICS/PAPERS/GENR-2019-02/.thumb_fig_038.png"
    },
    {
        "name": ".thumb_fig_039.png",
        "url": "http://atlas.web.cern.ch/Atlas/GROUPS/PHYSICS/PAPERS/GENR-2019-02/.thumb_fig_039.png"
    },
    {
        "name": ".thumb_fig_040a.png",
        "url": "http://atlas.web.cern.ch/Atlas/GROUPS/PHYSICS/PAPERS/GENR-2019-02/.thumb_fig_040a.png"
    },
    {
        "name": ".thumb_fig_040b.png",
        "url": "http://atlas.web.cern.ch/Atlas/GROUPS/PHYSICS/PAPERS/GENR-2019-02/.thumb_fig_040b.png"
    },
    {
        "name": ".thumb_fig_041.png",
        "url": "http://atlas.web.cern.ch/Atlas/GROUPS/PHYSICS/PAPERS/GENR-2019-02/.thumb_fig_041.png"
    },
    {
        "name": ".thumb_fig_042a.png",
        "url": "http://atlas.web.cern.ch/Atlas/GROUPS/PHYSICS/PAPERS/GENR-2019-02/.thumb_fig_042a.png"
    },
    {
        "name": ".thumb_fig_042b.png",
        "url": "http://atlas.web.cern.ch/Atlas/GROUPS/PHYSICS/PAPERS/GENR-2019-02/.thumb_fig_042b.png"
    },
    {
        "name": ".thumb_fig_043.png",
        "url": "http://atlas.web.cern.ch/Atlas/GROUPS/PHYSICS/PAPERS/GENR-2019-02/.thumb_fig_043.png"
    },
    {
        "name": ".thumb_fig_044.png",
        "url": "http://atlas.web.cern.ch/Atlas/GROUPS/PHYSICS/PAPERS/GENR-2019-02/.thumb_fig_044.png"
    },
    {
        "name": ".thumb_fig_045a.png",
        "url": "http://atlas.web.cern.ch/Atlas/GROUPS/PHYSICS/PAPERS/GENR-2019-02/.thumb_fig_045a.png"
    },
    {
        "name": ".thumb_fig_045b.png",
        "url": "http://atlas.web.cern.ch/Atlas/GROUPS/PHYSICS/PAPERS/GENR-2019-02/.thumb_fig_045b.png"
    },
    {
        "name": ".thumb_fig_046.png",
        "url": "http://atlas.web.cern.ch/Atlas/GROUPS/PHYSICS/PAPERS/GENR-2019-02/.thumb_fig_046.png"
    },
    {
        "name": ".thumb_fig_047a.png",
        "url": "http://atlas.web.cern.ch/Atlas/GROUPS/PHYSICS/PAPERS/GENR-2019-02/.thumb_fig_047a.png"
    },
    {
        "name": ".thumb_fig_047b.png",
        "url": "http://atlas.web.cern.ch/Atlas/GROUPS/PHYSICS/PAPERS/GENR-2019-02/.thumb_fig_047b.png"
    },
    {
        "name": ".thumb_fig_047c.png",
        "url": "http://atlas.web.cern.ch/Atlas/GROUPS/PHYSICS/PAPERS/GENR-2019-02/.thumb_fig_047c.png"
    },
    {
        "name": ".thumb_fig_048a.png",
        "url": "http://atlas.web.cern.ch/Atlas/GROUPS/PHYSICS/PAPERS/GENR-2019-02/.thumb_fig_048a.png"
    },
    {
        "name": ".thumb_fig_048b.png",
        "url": "http://atlas.web.cern.ch/Atlas/GROUPS/PHYSICS/PAPERS/GENR-2019-02/.thumb_fig_048b.png"
    },
    {
        "name": ".thumb_fig_049.png",
        "url": "http://atlas.web.cern.ch/Atlas/GROUPS/PHYSICS/PAPERS/GENR-2019-02/.thumb_fig_049.png"
    },
    {
        "name": ".thumb_fig_050.png",
        "url": "http://atlas.web.cern.ch/Atlas/GROUPS/PHYSICS/PAPERS/GENR-2019-02/.thumb_fig_050.png"
    },
    {
        "name": ".thumb_fig_051a.png",
        "url": "http://atlas.web.cern.ch/Atlas/GROUPS/PHYSICS/PAPERS/GENR-2019-02/.thumb_fig_051a.png"
    },
    {
        "name": ".thumb_fig_051b.png",
        "url": "http://atlas.web.cern.ch/Atlas/GROUPS/PHYSICS/PAPERS/GENR-2019-02/.thumb_fig_051b.png"
    },
    {
        "name": ".thumb_fig_052a.png",
        "url": "http://atlas.web.cern.ch/Atlas/GROUPS/PHYSICS/PAPERS/GENR-2019-02/.thumb_fig_052a.png"
    },
    {
        "name": ".thumb_fig_052b.png",
        "url": "http://atlas.web.cern.ch/Atlas/GROUPS/PHYSICS/PAPERS/GENR-2019-02/.thumb_fig_052b.png"
    },
    {
        "name": ".thumb_fig_053.png",
        "url": "http://atlas.web.cern.ch/Atlas/GROUPS/PHYSICS/PAPERS/GENR-2019-02/.thumb_fig_053.png"
    },
    {
        "name": ".thumb_fig_054a.png",
        "url": "http://atlas.web.cern.ch/Atlas/GROUPS/PHYSICS/PAPERS/GENR-2019-02/.thumb_fig_054a.png"
    },
    {
        "name": ".thumb_fig_054b.png",
        "url": "http://atlas.web.cern.ch/Atlas/GROUPS/PHYSICS/PAPERS/GENR-2019-02/.thumb_fig_054b.png"
    },
    {
        "name": ".thumb_fig_055a.png",
        "url": "http://atlas.web.cern.ch/Atlas/GROUPS/PHYSICS/PAPERS/GENR-2019-02/.thumb_fig_055a.png"
    },
    {
        "name": ".thumb_fig_055b.png",
        "url": "http://atlas.web.cern.ch/Atlas/GROUPS/PHYSICS/PAPERS/GENR-2019-02/.thumb_fig_055b.png"
    },
    {
        "name": ".thumb_fig_056.png",
        "url": "http://atlas.web.cern.ch/Atlas/GROUPS/PHYSICS/PAPERS/GENR-2019-02/.thumb_fig_056.png"
    },
    {
        "name": ".thumb_fig_057.png",
        "url": "http://atlas.web.cern.ch/Atlas/GROUPS/PHYSICS/PAPERS/GENR-2019-02/.thumb_fig_057.png"
    },
    {
        "name": ".thumb_fig_058.png",
        "url": "http://atlas.web.cern.ch/Atlas/GROUPS/PHYSICS/PAPERS/GENR-2019-02/.thumb_fig_058.png"
    },
    {
        "name": ".thumb_fig_059a.png",
        "url": "http://atlas.web.cern.ch/Atlas/GROUPS/PHYSICS/PAPERS/GENR-2019-02/.thumb_fig_059a.png"
    },
    {
        "name": ".thumb_fig_059b.png",
        "url": "http://atlas.web.cern.ch/Atlas/GROUPS/PHYSICS/PAPERS/GENR-2019-02/.thumb_fig_059b.png"
    },
    {
        "name": ".thumb_fig_060a.png",
        "url": "http://atlas.web.cern.ch/Atlas/GROUPS/PHYSICS/PAPERS/GENR-2019-02/.thumb_fig_060a.png"
    },
    {
        "name": ".thumb_fig_060b.png",
        "url": "http://atlas.web.cern.ch/Atlas/GROUPS/PHYSICS/PAPERS/GENR-2019-02/.thumb_fig_060b.png"
    },
    {
        "name": ".thumb_fig_061.png",
        "url": "http://atlas.web.cern.ch/Atlas/GROUPS/PHYSICS/PAPERS/GENR-2019-02/.thumb_fig_061.png"
    },
    {
        "name": ".thumb_fig_062.png",
        "url": "http://atlas.web.cern.ch/Atlas/GROUPS/PHYSICS/PAPERS/GENR-2019-02/.thumb_fig_062.png"
    },
    {
        "name": ".thumb_fig_063a.png",
        "url": "http://atlas.web.cern.ch/Atlas/GROUPS/PHYSICS/PAPERS/GENR-2019-02/.thumb_fig_063a.png"
    },
    {
        "name": ".thumb_fig_063b.png",
        "url": "http://atlas.web.cern.ch/Atlas/GROUPS/PHYSICS/PAPERS/GENR-2019-02/.thumb_fig_063b.png"
    },
    {
        "name": ".thumb_fig_064.png",
        "url": "http://atlas.web.cern.ch/Atlas/GROUPS/PHYSICS/PAPERS/GENR-2019-02/.thumb_fig_064.png"
    },
    {
        "name": ".thumb_fig_065.png",
        "url": "http://atlas.web.cern.ch/Atlas/GROUPS/PHYSICS/PAPERS/GENR-2019-02/.thumb_fig_065.png"
    },
    {
        "name": ".thumb_fig_066.png",
        "url": "http://atlas.web.cern.ch/Atlas/GROUPS/PHYSICS/PAPERS/GENR-2019-02/.thumb_fig_066.png"
    },
    {
        "name": ".thumb_fig_067.png",
        "url": "http://atlas.web.cern.ch/Atlas/GROUPS/PHYSICS/PAPERS/GENR-2019-02/.thumb_fig_067.png"
    },
    {
        "name": ".thumb_fig_068.png",
        "url": "http://atlas.web.cern.ch/Atlas/GROUPS/PHYSICS/PAPERS/GENR-2019-02/.thumb_fig_068.png"
    },
    {
        "name": ".thumb_fig_069a.png",
        "url": "http://atlas.web.cern.ch/Atlas/GROUPS/PHYSICS/PAPERS/GENR-2019-02/.thumb_fig_069a.png"
    },
    {
        "name": ".thumb_fig_069b.png",
        "url": "http://atlas.web.cern.ch/Atlas/GROUPS/PHYSICS/PAPERS/GENR-2019-02/.thumb_fig_069b.png"
    },
    {
        "name": ".thumb_fig_070.png",
        "url": "http://atlas.web.cern.ch/Atlas/GROUPS/PHYSICS/PAPERS/GENR-2019-02/.thumb_fig_070.png"
    },
    {
        "name": ".thumb_fig_071.png",
        "url": "http://atlas.web.cern.ch/Atlas/GROUPS/PHYSICS/PAPERS/GENR-2019-02/.thumb_fig_071.png"
    },
    {
        "name": ".thumb_fig_072a.png",
        "url": "http://atlas.web.cern.ch/Atlas/GROUPS/PHYSICS/PAPERS/GENR-2019-02/.thumb_fig_072a.png"
    },
    {
        "name": ".thumb_fig_072b.png",
        "url": "http://atlas.web.cern.ch/Atlas/GROUPS/PHYSICS/PAPERS/GENR-2019-02/.thumb_fig_072b.png"
    },
    {
        "name": ".thumb_fig_073.png",
        "url": "http://atlas.web.cern.ch/Atlas/GROUPS/PHYSICS/PAPERS/GENR-2019-02/.thumb_fig_073.png"
    },
    {
        "name": ".thumb_fig_074.png",
        "url": "http://atlas.web.cern.ch/Atlas/GROUPS/PHYSICS/PAPERS/GENR-2019-02/.thumb_fig_074.png"
    },
    {
        "name": ".thumb_fig_075.png",
        "url": "http://atlas.web.cern.ch/Atlas/GROUPS/PHYSICS/PAPERS/GENR-2019-02/.thumb_fig_075.png"
    },
    {
        "name": ".thumb_fig_076a.png",
        "url": "http://atlas.web.cern.ch/Atlas/GROUPS/PHYSICS/PAPERS/GENR-2019-02/.thumb_fig_076a.png"
    },
    {
        "name": ".thumb_fig_076b.png",
        "url": "http://atlas.web.cern.ch/Atlas/GROUPS/PHYSICS/PAPERS/GENR-2019-02/.thumb_fig_076b.png"
    },
    {
        "name": ".thumb_fig_076c.png",
        "url": "http://atlas.web.cern.ch/Atlas/GROUPS/PHYSICS/PAPERS/GENR-2019-02/.thumb_fig_076c.png"
    },
    {
        "name": ".thumb_fig_077.png",
        "url": "http://atlas.web.cern.ch/Atlas/GROUPS/PHYSICS/PAPERS/GENR-2019-02/.thumb_fig_077.png"
    },
    {
        "name": ".thumb_fig_078.png",
        "url": "http://atlas.web.cern.ch/Atlas/GROUPS/PHYSICS/PAPERS/GENR-2019-02/.thumb_fig_078.png"
    },
    {
        "name": ".thumb_fig_079a.png",
        "url": "http://atlas.web.cern.ch/Atlas/GROUPS/PHYSICS/PAPERS/GENR-2019-02/.thumb_fig_079a.png"
    },
    {
        "name": ".thumb_fig_079b.png",
        "url": "http://atlas.web.cern.ch/Atlas/GROUPS/PHYSICS/PAPERS/GENR-2019-02/.thumb_fig_079b.png"
    },
    {
        "name": ".thumb_fig_080a.png",
        "url": "http://atlas.web.cern.ch/Atlas/GROUPS/PHYSICS/PAPERS/GENR-2019-02/.thumb_fig_080a.png"
    },
    {
        "name": ".thumb_fig_080b.png",
        "url": "http://atlas.web.cern.ch/Atlas/GROUPS/PHYSICS/PAPERS/GENR-2019-02/.thumb_fig_080b.png"
    },
    {
        "name": ".thumb_fig_081.png",
        "url": "http://atlas.web.cern.ch/Atlas/GROUPS/PHYSICS/PAPERS/GENR-2019-02/.thumb_fig_081.png"
    },
    {
        "name": ".thumb_fig_082.png",
        "url": "http://atlas.web.cern.ch/Atlas/GROUPS/PHYSICS/PAPERS/GENR-2019-02/.thumb_fig_082.png"
    },
    {
        "name": ".thumb_fig_083a.png",
        "url": "http://atlas.web.cern.ch/Atlas/GROUPS/PHYSICS/PAPERS/GENR-2019-02/.thumb_fig_083a.png"
    },
    {
        "name": ".thumb_fig_083b.png",
        "url": "http://atlas.web.cern.ch/Atlas/GROUPS/PHYSICS/PAPERS/GENR-2019-02/.thumb_fig_083b.png"
    },
    {
        "name": ".thumb_fig_083c.png",
        "url": "http://atlas.web.cern.ch/Atlas/GROUPS/PHYSICS/PAPERS/GENR-2019-02/.thumb_fig_083c.png"
    },
    {
        "name": ".thumb_fig_084.png",
        "url": "http://atlas.web.cern.ch/Atlas/GROUPS/PHYSICS/PAPERS/GENR-2019-02/.thumb_fig_084.png"
    },
    {
        "name": ".thumb_fig_085.png",
        "url": "http://atlas.web.cern.ch/Atlas/GROUPS/PHYSICS/PAPERS/GENR-2019-02/.thumb_fig_085.png"
    },
    {
        "name": ".thumb_fig_086a.png",
        "url": "http://atlas.web.cern.ch/Atlas/GROUPS/PHYSICS/PAPERS/GENR-2019-02/.thumb_fig_086a.png"
    },
    {
        "name": ".thumb_fig_086b.png",
        "url": "http://atlas.web.cern.ch/Atlas/GROUPS/PHYSICS/PAPERS/GENR-2019-02/.thumb_fig_086b.png"
    },
    {
        "name": ".thumb_fig_087.png",
        "url": "http://atlas.web.cern.ch/Atlas/GROUPS/PHYSICS/PAPERS/GENR-2019-02/.thumb_fig_087.png"
    },
    {
        "name": ".thumb_fig_088.png",
        "url": "http://atlas.web.cern.ch/Atlas/GROUPS/PHYSICS/PAPERS/GENR-2019-02/.thumb_fig_088.png"
    },
    {
        "name": ".thumb_fig_089a.png",
        "url": "http://atlas.web.cern.ch/Atlas/GROUPS/PHYSICS/PAPERS/GENR-2019-02/.thumb_fig_089a.png"
    },
    {
        "name": ".thumb_fig_089b.png",
        "url": "http://atlas.web.cern.ch/Atlas/GROUPS/PHYSICS/PAPERS/GENR-2019-02/.thumb_fig_089b.png"
    },
    {
        "name": ".thumb_fig_090.png",
        "url": "http://atlas.web.cern.ch/Atlas/GROUPS/PHYSICS/PAPERS/GENR-2019-02/.thumb_fig_090.png"
    },
    {
        "name": ".thumb_fig_091a.png",
        "url": "http://atlas.web.cern.ch/Atlas/GROUPS/PHYSICS/PAPERS/GENR-2019-02/.thumb_fig_091a.png"
    },
    {
        "name": ".thumb_fig_091b.png",
        "url": "http://atlas.web.cern.ch/Atlas/GROUPS/PHYSICS/PAPERS/GENR-2019-02/.thumb_fig_091b.png"
    },
    {
        "name": ".thumb_fig_092.png",
        "url": "http://atlas.web.cern.ch/Atlas/GROUPS/PHYSICS/PAPERS/GENR-2019-02/.thumb_fig_092.png"
    },
    {
        "name": ".thumb_fig_093.png",
        "url": "http://atlas.web.cern.ch/Atlas/GROUPS/PHYSICS/PAPERS/GENR-2019-02/.thumb_fig_093.png"
    },
    {
        "name": ".thumb_fig_094.png",
        "url": "http://atlas.web.cern.ch/Atlas/GROUPS/PHYSICS/PAPERS/GENR-2019-02/.thumb_fig_094.png"
    },
    {
        "name": ".thumb_fig_095.png",
        "url": "http://atlas.web.cern.ch/Atlas/GROUPS/PHYSICS/PAPERS/GENR-2019-02/.thumb_fig_095.png"
    },
    {
        "name": ".thumb_fig_096a.png",
        "url": "http://atlas.web.cern.ch/Atlas/GROUPS/PHYSICS/PAPERS/GENR-2019-02/.thumb_fig_096a.png"
    },
    {
        "name": ".thumb_fig_096b.png",
        "url": "http://atlas.web.cern.ch/Atlas/GROUPS/PHYSICS/PAPERS/GENR-2019-02/.thumb_fig_096b.png"
    },
    {
        "name": ".thumb_fig_097.png",
        "url": "http://atlas.web.cern.ch/Atlas/GROUPS/PHYSICS/PAPERS/GENR-2019-02/.thumb_fig_097.png"
    },
    {
        "name": ".thumb_fig_098a.png",
        "url": "http://atlas.web.cern.ch/Atlas/GROUPS/PHYSICS/PAPERS/GENR-2019-02/.thumb_fig_098a.png"
    },
    {
        "name": ".thumb_fig_098b.png",
        "url": "http://atlas.web.cern.ch/Atlas/GROUPS/PHYSICS/PAPERS/GENR-2019-02/.thumb_fig_098b.png"
    },
    {
        "name": ".thumb_fig_099a.png",
        "url": "http://atlas.web.cern.ch/Atlas/GROUPS/PHYSICS/PAPERS/GENR-2019-02/.thumb_fig_099a.png"
    },
    {
        "name": ".thumb_fig_099b.png",
        "url": "http://atlas.web.cern.ch/Atlas/GROUPS/PHYSICS/PAPERS/GENR-2019-02/.thumb_fig_099b.png"
    },
    {
        "name": ".thumb_fig_100.png",
        "url": "http://atlas.web.cern.ch/Atlas/GROUPS/PHYSICS/PAPERS/GENR-2019-02/.thumb_fig_100.png"
    },
    {
        "name": ".thumb_fig_101.png",
        "url": "http://atlas.web.cern.ch/Atlas/GROUPS/PHYSICS/PAPERS/GENR-2019-02/.thumb_fig_101.png"
    },
    {
        "name": ".thumb_fig_102.png",
        "url": "http://atlas.web.cern.ch/Atlas/GROUPS/PHYSICS/PAPERS/GENR-2019-02/.thumb_fig_102.png"
    },
    {
        "name": ".thumb_fig_103.png",
        "url": "http://atlas.web.cern.ch/Atlas/GROUPS/PHYSICS/PAPERS/GENR-2019-02/.thumb_fig_103.png"
    },
    {
        "name": ".thumb_fig_104.png",
        "url": "http://atlas.web.cern.ch/Atlas/GROUPS/PHYSICS/PAPERS/GENR-2019-02/.thumb_fig_104.png"
    },
    {
        "name": ".thumb_fig_105.png",
        "url": "http://atlas.web.cern.ch/Atlas/GROUPS/PHYSICS/PAPERS/GENR-2019-02/.thumb_fig_105.png"
    },
    {
        "name": ".thumb_fig_106.png",
        "url": "http://atlas.web.cern.ch/Atlas/GROUPS/PHYSICS/PAPERS/GENR-2019-02/.thumb_fig_106.png"
    },
    {
        "name": ".thumb_fig_107.png",
        "url": "http://atlas.web.cern.ch/Atlas/GROUPS/PHYSICS/PAPERS/GENR-2019-02/.thumb_fig_107.png"
    },
    {
        "name": ".thumb_fig_108.png",
        "url": "http://atlas.web.cern.ch/Atlas/GROUPS/PHYSICS/PAPERS/GENR-2019-02/.thumb_fig_108.png"
    },
    {
        "name": ".thumb_fig_109a.png",
        "url": "http://atlas.web.cern.ch/Atlas/GROUPS/PHYSICS/PAPERS/GENR-2019-02/.thumb_fig_109a.png"
    },
    {
        "name": ".thumb_fig_109b.png",
        "url": "http://atlas.web.cern.ch/Atlas/GROUPS/PHYSICS/PAPERS/GENR-2019-02/.thumb_fig_109b.png"
    },
    {
        "name": ".thumb_fig_110.png",
        "url": "http://atlas.web.cern.ch/Atlas/GROUPS/PHYSICS/PAPERS/GENR-2019-02/.thumb_fig_110.png"
    },
    {
        "name": ".thumb_fig_111.png",
        "url": "http://atlas.web.cern.ch/Atlas/GROUPS/PHYSICS/PAPERS/GENR-2019-02/.thumb_fig_111.png"
    },
    {
        "name": ".thumb_fig_112.png",
        "url": "http://atlas.web.cern.ch/Atlas/GROUPS/PHYSICS/PAPERS/GENR-2019-02/.thumb_fig_112.png"
    },
    {
        "name": ".thumb_fig_113.png",
        "url": "http://atlas.web.cern.ch/Atlas/GROUPS/PHYSICS/PAPERS/GENR-2019-02/.thumb_fig_113.png"
    },
    {
        "name": ".thumb_fig_114.png",
        "url": "http://atlas.web.cern.ch/Atlas/GROUPS/PHYSICS/PAPERS/GENR-2019-02/.thumb_fig_114.png"
    },
    {
        "name": ".thumb_fig_115.png",
        "url": "http://atlas.web.cern.ch/Atlas/GROUPS/PHYSICS/PAPERS/GENR-2019-02/.thumb_fig_115.png"
    },
    {
        "name": ".thumb_fig_116.png",
        "url": "http://atlas.web.cern.ch/Atlas/GROUPS/PHYSICS/PAPERS/GENR-2019-02/.thumb_fig_116.png"
    },
    {
        "name": ".thumb_tab_01.png",
        "url": "http://atlas.web.cern.ch/Atlas/GROUPS/PHYSICS/PAPERS/GENR-2019-02/.thumb_tab_01.png"
    },
    {
        "name": ".thumb_tab_02.png",
        "url": "http://atlas.web.cern.ch/Atlas/GROUPS/PHYSICS/PAPERS/GENR-2019-02/.thumb_tab_02.png"
    },
    {
        "name": ".thumb_tab_03.png",
        "url": "http://atlas.web.cern.ch/Atlas/GROUPS/PHYSICS/PAPERS/GENR-2019-02/.thumb_tab_03.png"
    },
    {
        "name": ".thumb_tab_04.png",
        "url": "http://atlas.web.cern.ch/Atlas/GROUPS/PHYSICS/PAPERS/GENR-2019-02/.thumb_tab_04.png"
    },
    {
        "name": ".thumb_tab_05.png",
        "url": "http://atlas.web.cern.ch/Atlas/GROUPS/PHYSICS/PAPERS/GENR-2019-02/.thumb_tab_05.png"
    },
    {
        "name": ".thumb_tab_06.png",
        "url": "http://atlas.web.cern.ch/Atlas/GROUPS/PHYSICS/PAPERS/GENR-2019-02/.thumb_tab_06.png"
    },
    {
        "name": ".thumb_tab_07.png",
        "url": "http://atlas.web.cern.ch/Atlas/GROUPS/PHYSICS/PAPERS/GENR-2019-02/.thumb_tab_07.png"
    },
    {
        "name": ".thumb_tab_08.png",
        "url": "http://atlas.web.cern.ch/Atlas/GROUPS/PHYSICS/PAPERS/GENR-2019-02/.thumb_tab_08.png"
    },
    {
        "name": ".thumb_tab_09.png",
        "url": "http://atlas.web.cern.ch/Atlas/GROUPS/PHYSICS/PAPERS/GENR-2019-02/.thumb_tab_09.png"
    },
    {
        "name": ".thumb_tab_10.png",
        "url": "http://atlas.web.cern.ch/Atlas/GROUPS/PHYSICS/PAPERS/GENR-2019-02/.thumb_tab_10.png"
    },
    {
        "name": ".thumb_tab_11.png",
        "url": "http://atlas.web.cern.ch/Atlas/GROUPS/PHYSICS/PAPERS/GENR-2019-02/.thumb_tab_11.png"
    },
    {
        "name": ".thumb_tab_12.png",
        "url": "http://atlas.web.cern.ch/Atlas/GROUPS/PHYSICS/PAPERS/GENR-2019-02/.thumb_tab_12.png"
    },
    {
        "name": ".thumb_tab_13.png",
        "url": "http://atlas.web.cern.ch/Atlas/GROUPS/PHYSICS/PAPERS/GENR-2019-02/.thumb_tab_13.png"
    },
    {
        "name": ".thumb_tab_14.png",
        "url": "http://atlas.web.cern.ch/Atlas/GROUPS/PHYSICS/PAPERS/GENR-2019-02/.thumb_tab_14.png"
    },
    {
        "name": ".thumb_tab_15.png",
        "url": "http://atlas.web.cern.ch/Atlas/GROUPS/PHYSICS/PAPERS/GENR-2019-02/.thumb_tab_15.png"
    },
    {
        "name": ".thumb_tab_16.png",
        "url": "http://atlas.web.cern.ch/Atlas/GROUPS/PHYSICS/PAPERS/GENR-2019-02/.thumb_tab_16.png"
    },
    {
        "name": ".thumb_tab_17.png",
        "url": "http://atlas.web.cern.ch/Atlas/GROUPS/PHYSICS/PAPERS/GENR-2019-02/.thumb_tab_17.png"
    },
    {
        "name": ".thumb_tab_18.png",
        "url": "http://atlas.web.cern.ch/Atlas/GROUPS/PHYSICS/PAPERS/GENR-2019-02/.thumb_tab_18.png"
    }
]