[
    {
        "name": ".thumb_fig_01.png",
        "url": "http://atlas.web.cern.ch/Atlas/GROUPS/PHYSICS/PAPERS/SUSY-2016-06/.thumb_fig_01.png"
    },
    {
        "name": ".thumb_fig_02a.png",
        "url": "http://atlas.web.cern.ch/Atlas/GROUPS/PHYSICS/PAPERS/SUSY-2016-06/.thumb_fig_02a.png"
    },
    {
        "name": ".thumb_fig_02b.png",
        "url": "http://atlas.web.cern.ch/Atlas/GROUPS/PHYSICS/PAPERS/SUSY-2016-06/.thumb_fig_02b.png"
    },
    {
        "name": ".thumb_fig_03a.png",
        "url": "http://atlas.web.cern.ch/Atlas/GROUPS/PHYSICS/PAPERS/SUSY-2016-06/.thumb_fig_03a.png"
    },
    {
        "name": ".thumb_fig_03b.png",
        "url": "http://atlas.web.cern.ch/Atlas/GROUPS/PHYSICS/PAPERS/SUSY-2016-06/.thumb_fig_03b.png"
    },
    {
        "name": ".thumb_fig_03c.png",
        "url": "http://atlas.web.cern.ch/Atlas/GROUPS/PHYSICS/PAPERS/SUSY-2016-06/.thumb_fig_03c.png"
    },
    {
        "name": ".thumb_fig_04.png",
        "url": "http://atlas.web.cern.ch/Atlas/GROUPS/PHYSICS/PAPERS/SUSY-2016-06/.thumb_fig_04.png"
    },
    {
        "name": ".thumb_fig_05a.png",
        "url": "http://atlas.web.cern.ch/Atlas/GROUPS/PHYSICS/PAPERS/SUSY-2016-06/.thumb_fig_05a.png"
    },
    {
        "name": ".thumb_fig_05b.png",
        "url": "http://atlas.web.cern.ch/Atlas/GROUPS/PHYSICS/PAPERS/SUSY-2016-06/.thumb_fig_05b.png"
    },
    {
        "name": ".thumb_fig_06a.png",
        "url": "http://atlas.web.cern.ch/Atlas/GROUPS/PHYSICS/PAPERS/SUSY-2016-06/.thumb_fig_06a.png"
    },
    {
        "name": ".thumb_fig_06b.png",
        "url": "http://atlas.web.cern.ch/Atlas/GROUPS/PHYSICS/PAPERS/SUSY-2016-06/.thumb_fig_06b.png"
    },
    {
        "name": ".thumb_fig_07a.png",
        "url": "http://atlas.web.cern.ch/Atlas/GROUPS/PHYSICS/PAPERS/SUSY-2016-06/.thumb_fig_07a.png"
    },
    {
        "name": ".thumb_fig_07b.png",
        "url": "http://atlas.web.cern.ch/Atlas/GROUPS/PHYSICS/PAPERS/SUSY-2016-06/.thumb_fig_07b.png"
    },
    {
        "name": ".thumb_fig_07c.png",
        "url": "http://atlas.web.cern.ch/Atlas/GROUPS/PHYSICS/PAPERS/SUSY-2016-06/.thumb_fig_07c.png"
    },
    {
        "name": ".thumb_fig_07d.png",
        "url": "http://atlas.web.cern.ch/Atlas/GROUPS/PHYSICS/PAPERS/SUSY-2016-06/.thumb_fig_07d.png"
    },
    {
        "name": ".thumb_fig_08.png",
        "url": "http://atlas.web.cern.ch/Atlas/GROUPS/PHYSICS/PAPERS/SUSY-2016-06/.thumb_fig_08.png"
    },
    {
        "name": ".thumb_fig_09a.png",
        "url": "http://atlas.web.cern.ch/Atlas/GROUPS/PHYSICS/PAPERS/SUSY-2016-06/.thumb_fig_09a.png"
    },
    {
        "name": ".thumb_fig_09b.png",
        "url": "http://atlas.web.cern.ch/Atlas/GROUPS/PHYSICS/PAPERS/SUSY-2016-06/.thumb_fig_09b.png"
    },
    {
        "name": ".thumb_tab_01.png",
        "url": "http://atlas.web.cern.ch/Atlas/GROUPS/PHYSICS/PAPERS/SUSY-2016-06/.thumb_tab_01.png"
    },
    {
        "name": ".thumb_tab_02.png",
        "url": "http://atlas.web.cern.ch/Atlas/GROUPS/PHYSICS/PAPERS/SUSY-2016-06/.thumb_tab_02.png"
    },
    {
        "name": ".thumb_tab_03.png",
        "url": "http://atlas.web.cern.ch/Atlas/GROUPS/PHYSICS/PAPERS/SUSY-2016-06/.thumb_tab_03.png"
    },
    {
        "name": ".thumb_tab_04.png",
        "url": "http://atlas.web.cern.ch/Atlas/GROUPS/PHYSICS/PAPERS/SUSY-2016-06/.thumb_tab_04.png"
    },
    {
        "name": ".thumb_tab_05.png",
        "url": "http://atlas.web.cern.ch/Atlas/GROUPS/PHYSICS/PAPERS/SUSY-2016-06/.thumb_tab_05.png"
    },
    {
        "name": ".thumb_figaux_01.png",
        "url": "http://atlas.web.cern.ch/Atlas/GROUPS/PHYSICS/PAPERS/SUSY-2016-06/.thumb_figaux_01.png"
    },
    {
        "name": ".thumb_figaux_02.png",
        "url": "http://atlas.web.cern.ch/Atlas/GROUPS/PHYSICS/PAPERS/SUSY-2016-06/.thumb_figaux_02.png"
    },
    {
        "name": ".thumb_figaux_03.png",
        "url": "http://atlas.web.cern.ch/Atlas/GROUPS/PHYSICS/PAPERS/SUSY-2016-06/.thumb_figaux_03.png"
    },
    {
        "name": ".thumb_figaux_04a.png",
        "url": "http://atlas.web.cern.ch/Atlas/GROUPS/PHYSICS/PAPERS/SUSY-2016-06/.thumb_figaux_04a.png"
    },
    {
        "name": ".thumb_figaux_04b.png",
        "url": "http://atlas.web.cern.ch/Atlas/GROUPS/PHYSICS/PAPERS/SUSY-2016-06/.thumb_figaux_04b.png"
    },
    {
        "name": ".thumb_figaux_05a.png",
        "url": "http://atlas.web.cern.ch/Atlas/GROUPS/PHYSICS/PAPERS/SUSY-2016-06/.thumb_figaux_05a.png"
    },
    {
        "name": ".thumb_figaux_05b.png",
        "url": "http://atlas.web.cern.ch/Atlas/GROUPS/PHYSICS/PAPERS/SUSY-2016-06/.thumb_figaux_05b.png"
    },
    {
        "name": ".thumb_figaux_06.png",
        "url": "http://atlas.web.cern.ch/Atlas/GROUPS/PHYSICS/PAPERS/SUSY-2016-06/.thumb_figaux_06.png"
    },
    {
        "name": ".thumb_figaux_07a.png",
        "url": "http://atlas.web.cern.ch/Atlas/GROUPS/PHYSICS/PAPERS/SUSY-2016-06/.thumb_figaux_07a.png"
    },
    {
        "name": ".thumb_figaux_07b.png",
        "url": "http://atlas.web.cern.ch/Atlas/GROUPS/PHYSICS/PAPERS/SUSY-2016-06/.thumb_figaux_07b.png"
    },
    {
        "name": ".thumb_figaux_08.png",
        "url": "http://atlas.web.cern.ch/Atlas/GROUPS/PHYSICS/PAPERS/SUSY-2016-06/.thumb_figaux_08.png"
    },
    {
        "name": ".thumb_figaux_09a.png",
        "url": "http://atlas.web.cern.ch/Atlas/GROUPS/PHYSICS/PAPERS/SUSY-2016-06/.thumb_figaux_09a.png"
    },
    {
        "name": ".thumb_figaux_09b.png",
        "url": "http://atlas.web.cern.ch/Atlas/GROUPS/PHYSICS/PAPERS/SUSY-2016-06/.thumb_figaux_09b.png"
    },
    {
        "name": ".thumb_figaux_09c.png",
        "url": "http://atlas.web.cern.ch/Atlas/GROUPS/PHYSICS/PAPERS/SUSY-2016-06/.thumb_figaux_09c.png"
    },
    {
        "name": ".thumb_figaux_09d.png",
        "url": "http://atlas.web.cern.ch/Atlas/GROUPS/PHYSICS/PAPERS/SUSY-2016-06/.thumb_figaux_09d.png"
    },
    {
        "name": ".thumb_tabaux_01.png",
        "url": "http://atlas.web.cern.ch/Atlas/GROUPS/PHYSICS/PAPERS/SUSY-2016-06/.thumb_tabaux_01.png"
    },
    {
        "name": ".thumb_tabaux_02.png",
        "url": "http://atlas.web.cern.ch/Atlas/GROUPS/PHYSICS/PAPERS/SUSY-2016-06/.thumb_tabaux_02.png"
    }
]