[
    {
        "name": ".thumb_fig_01a.png",
        "url": "http://atlas.web.cern.ch/Atlas/GROUPS/PHYSICS/PAPERS/HIGG-2016-13/.thumb_fig_01a.png"
    },
    {
        "name": ".thumb_fig_01b.png",
        "url": "http://atlas.web.cern.ch/Atlas/GROUPS/PHYSICS/PAPERS/HIGG-2016-13/.thumb_fig_01b.png"
    },
    {
        "name": ".thumb_fig_01c.png",
        "url": "http://atlas.web.cern.ch/Atlas/GROUPS/PHYSICS/PAPERS/HIGG-2016-13/.thumb_fig_01c.png"
    },
    {
        "name": ".thumb_fig_01d.png",
        "url": "http://atlas.web.cern.ch/Atlas/GROUPS/PHYSICS/PAPERS/HIGG-2016-13/.thumb_fig_01d.png"
    },
    {
        "name": ".thumb_fig_02a.png",
        "url": "http://atlas.web.cern.ch/Atlas/GROUPS/PHYSICS/PAPERS/HIGG-2016-13/.thumb_fig_02a.png"
    },
    {
        "name": ".thumb_fig_02b.png",
        "url": "http://atlas.web.cern.ch/Atlas/GROUPS/PHYSICS/PAPERS/HIGG-2016-13/.thumb_fig_02b.png"
    },
    {
        "name": ".thumb_fig_03a.png",
        "url": "http://atlas.web.cern.ch/Atlas/GROUPS/PHYSICS/PAPERS/HIGG-2016-13/.thumb_fig_03a.png"
    },
    {
        "name": ".thumb_fig_03b.png",
        "url": "http://atlas.web.cern.ch/Atlas/GROUPS/PHYSICS/PAPERS/HIGG-2016-13/.thumb_fig_03b.png"
    },
    {
        "name": ".thumb_fig_03c.png",
        "url": "http://atlas.web.cern.ch/Atlas/GROUPS/PHYSICS/PAPERS/HIGG-2016-13/.thumb_fig_03c.png"
    },
    {
        "name": ".thumb_fig_03d.png",
        "url": "http://atlas.web.cern.ch/Atlas/GROUPS/PHYSICS/PAPERS/HIGG-2016-13/.thumb_fig_03d.png"
    },
    {
        "name": ".thumb_fig_03e.png",
        "url": "http://atlas.web.cern.ch/Atlas/GROUPS/PHYSICS/PAPERS/HIGG-2016-13/.thumb_fig_03e.png"
    },
    {
        "name": ".thumb_fig_03f.png",
        "url": "http://atlas.web.cern.ch/Atlas/GROUPS/PHYSICS/PAPERS/HIGG-2016-13/.thumb_fig_03f.png"
    },
    {
        "name": ".thumb_fig_04a.png",
        "url": "http://atlas.web.cern.ch/Atlas/GROUPS/PHYSICS/PAPERS/HIGG-2016-13/.thumb_fig_04a.png"
    },
    {
        "name": ".thumb_fig_04b.png",
        "url": "http://atlas.web.cern.ch/Atlas/GROUPS/PHYSICS/PAPERS/HIGG-2016-13/.thumb_fig_04b.png"
    },
    {
        "name": ".thumb_fig_05a.png",
        "url": "http://atlas.web.cern.ch/Atlas/GROUPS/PHYSICS/PAPERS/HIGG-2016-13/.thumb_fig_05a.png"
    },
    {
        "name": ".thumb_fig_05b.png",
        "url": "http://atlas.web.cern.ch/Atlas/GROUPS/PHYSICS/PAPERS/HIGG-2016-13/.thumb_fig_05b.png"
    },
    {
        "name": ".thumb_tab_01.png",
        "url": "http://atlas.web.cern.ch/Atlas/GROUPS/PHYSICS/PAPERS/HIGG-2016-13/.thumb_tab_01.png"
    },
    {
        "name": ".thumb_tab_02.png",
        "url": "http://atlas.web.cern.ch/Atlas/GROUPS/PHYSICS/PAPERS/HIGG-2016-13/.thumb_tab_02.png"
    },
    {
        "name": ".thumb_tab_03.png",
        "url": "http://atlas.web.cern.ch/Atlas/GROUPS/PHYSICS/PAPERS/HIGG-2016-13/.thumb_tab_03.png"
    },
    {
        "name": ".thumb_figaux_01a.png",
        "url": "http://atlas.web.cern.ch/Atlas/GROUPS/PHYSICS/PAPERS/HIGG-2016-13/.thumb_figaux_01a.png"
    },
    {
        "name": ".thumb_figaux_01b.png",
        "url": "http://atlas.web.cern.ch/Atlas/GROUPS/PHYSICS/PAPERS/HIGG-2016-13/.thumb_figaux_01b.png"
    },
    {
        "name": ".thumb_figaux_02a.png",
        "url": "http://atlas.web.cern.ch/Atlas/GROUPS/PHYSICS/PAPERS/HIGG-2016-13/.thumb_figaux_02a.png"
    },
    {
        "name": ".thumb_figaux_02b.png",
        "url": "http://atlas.web.cern.ch/Atlas/GROUPS/PHYSICS/PAPERS/HIGG-2016-13/.thumb_figaux_02b.png"
    },
    {
        "name": ".thumb_figaux_03a.png",
        "url": "http://atlas.web.cern.ch/Atlas/GROUPS/PHYSICS/PAPERS/HIGG-2016-13/.thumb_figaux_03a.png"
    },
    {
        "name": ".thumb_figaux_03b.png",
        "url": "http://atlas.web.cern.ch/Atlas/GROUPS/PHYSICS/PAPERS/HIGG-2016-13/.thumb_figaux_03b.png"
    },
    {
        "name": ".thumb_figaux_04a.png",
        "url": "http://atlas.web.cern.ch/Atlas/GROUPS/PHYSICS/PAPERS/HIGG-2016-13/.thumb_figaux_04a.png"
    },
    {
        "name": ".thumb_figaux_04b.png",
        "url": "http://atlas.web.cern.ch/Atlas/GROUPS/PHYSICS/PAPERS/HIGG-2016-13/.thumb_figaux_04b.png"
    },
    {
        "name": ".thumb_figaux_05a.png",
        "url": "http://atlas.web.cern.ch/Atlas/GROUPS/PHYSICS/PAPERS/HIGG-2016-13/.thumb_figaux_05a.png"
    },
    {
        "name": ".thumb_figaux_05b.png",
        "url": "http://atlas.web.cern.ch/Atlas/GROUPS/PHYSICS/PAPERS/HIGG-2016-13/.thumb_figaux_05b.png"
    },
    {
        "name": ".thumb_figaux_06a.png",
        "url": "http://atlas.web.cern.ch/Atlas/GROUPS/PHYSICS/PAPERS/HIGG-2016-13/.thumb_figaux_06a.png"
    },
    {
        "name": ".thumb_figaux_06b.png",
        "url": "http://atlas.web.cern.ch/Atlas/GROUPS/PHYSICS/PAPERS/HIGG-2016-13/.thumb_figaux_06b.png"
    },
    {
        "name": ".thumb_figaux_07a.png",
        "url": "http://atlas.web.cern.ch/Atlas/GROUPS/PHYSICS/PAPERS/HIGG-2016-13/.thumb_figaux_07a.png"
    },
    {
        "name": ".thumb_figaux_07b.png",
        "url": "http://atlas.web.cern.ch/Atlas/GROUPS/PHYSICS/PAPERS/HIGG-2016-13/.thumb_figaux_07b.png"
    },
    {
        "name": ".thumb_figaux_08a.png",
        "url": "http://atlas.web.cern.ch/Atlas/GROUPS/PHYSICS/PAPERS/HIGG-2016-13/.thumb_figaux_08a.png"
    },
    {
        "name": ".thumb_figaux_08b.png",
        "url": "http://atlas.web.cern.ch/Atlas/GROUPS/PHYSICS/PAPERS/HIGG-2016-13/.thumb_figaux_08b.png"
    },
    {
        "name": ".thumb_figaux_09a.png",
        "url": "http://atlas.web.cern.ch/Atlas/GROUPS/PHYSICS/PAPERS/HIGG-2016-13/.thumb_figaux_09a.png"
    },
    {
        "name": ".thumb_figaux_09b.png",
        "url": "http://atlas.web.cern.ch/Atlas/GROUPS/PHYSICS/PAPERS/HIGG-2016-13/.thumb_figaux_09b.png"
    },
    {
        "name": ".thumb_figaux_09c.png",
        "url": "http://atlas.web.cern.ch/Atlas/GROUPS/PHYSICS/PAPERS/HIGG-2016-13/.thumb_figaux_09c.png"
    },
    {
        "name": ".thumb_figaux_10a.png",
        "url": "http://atlas.web.cern.ch/Atlas/GROUPS/PHYSICS/PAPERS/HIGG-2016-13/.thumb_figaux_10a.png"
    },
    {
        "name": ".thumb_figaux_10b.png",
        "url": "http://atlas.web.cern.ch/Atlas/GROUPS/PHYSICS/PAPERS/HIGG-2016-13/.thumb_figaux_10b.png"
    },
    {
        "name": ".thumb_figaux_10c.png",
        "url": "http://atlas.web.cern.ch/Atlas/GROUPS/PHYSICS/PAPERS/HIGG-2016-13/.thumb_figaux_10c.png"
    },
    {
        "name": ".thumb_figaux_11a.png",
        "url": "http://atlas.web.cern.ch/Atlas/GROUPS/PHYSICS/PAPERS/HIGG-2016-13/.thumb_figaux_11a.png"
    },
    {
        "name": ".thumb_figaux_11b.png",
        "url": "http://atlas.web.cern.ch/Atlas/GROUPS/PHYSICS/PAPERS/HIGG-2016-13/.thumb_figaux_11b.png"
    }
]