[
    {
        "name": ".thumb_fig_01a.png",
        "url": "http://atlas.web.cern.ch/Atlas/GROUPS/PHYSICS/PAPERS/HIGG-2016-01/.thumb_fig_01a.png"
    },
    {
        "name": ".thumb_fig_01b.png",
        "url": "http://atlas.web.cern.ch/Atlas/GROUPS/PHYSICS/PAPERS/HIGG-2016-01/.thumb_fig_01b.png"
    },
    {
        "name": ".thumb_fig_01c.png",
        "url": "http://atlas.web.cern.ch/Atlas/GROUPS/PHYSICS/PAPERS/HIGG-2016-01/.thumb_fig_01c.png"
    },
    {
        "name": ".thumb_fig_02a.png",
        "url": "http://atlas.web.cern.ch/Atlas/GROUPS/PHYSICS/PAPERS/HIGG-2016-01/.thumb_fig_02a.png"
    },
    {
        "name": ".thumb_fig_02b.png",
        "url": "http://atlas.web.cern.ch/Atlas/GROUPS/PHYSICS/PAPERS/HIGG-2016-01/.thumb_fig_02b.png"
    },
    {
        "name": ".thumb_fig_02c.png",
        "url": "http://atlas.web.cern.ch/Atlas/GROUPS/PHYSICS/PAPERS/HIGG-2016-01/.thumb_fig_02c.png"
    },
    {
        "name": ".thumb_fig_02d.png",
        "url": "http://atlas.web.cern.ch/Atlas/GROUPS/PHYSICS/PAPERS/HIGG-2016-01/.thumb_fig_02d.png"
    },
    {
        "name": ".thumb_fig_03a.png",
        "url": "http://atlas.web.cern.ch/Atlas/GROUPS/PHYSICS/PAPERS/HIGG-2016-01/.thumb_fig_03a.png"
    },
    {
        "name": ".thumb_fig_03b.png",
        "url": "http://atlas.web.cern.ch/Atlas/GROUPS/PHYSICS/PAPERS/HIGG-2016-01/.thumb_fig_03b.png"
    },
    {
        "name": ".thumb_fig_04a.png",
        "url": "http://atlas.web.cern.ch/Atlas/GROUPS/PHYSICS/PAPERS/HIGG-2016-01/.thumb_fig_04a.png"
    },
    {
        "name": ".thumb_fig_04b.png",
        "url": "http://atlas.web.cern.ch/Atlas/GROUPS/PHYSICS/PAPERS/HIGG-2016-01/.thumb_fig_04b.png"
    },
    {
        "name": ".thumb_fig_04c.png",
        "url": "http://atlas.web.cern.ch/Atlas/GROUPS/PHYSICS/PAPERS/HIGG-2016-01/.thumb_fig_04c.png"
    },
    {
        "name": ".thumb_fig_05a.png",
        "url": "http://atlas.web.cern.ch/Atlas/GROUPS/PHYSICS/PAPERS/HIGG-2016-01/.thumb_fig_05a.png"
    },
    {
        "name": ".thumb_fig_05b.png",
        "url": "http://atlas.web.cern.ch/Atlas/GROUPS/PHYSICS/PAPERS/HIGG-2016-01/.thumb_fig_05b.png"
    },
    {
        "name": ".thumb_fig_06a.png",
        "url": "http://atlas.web.cern.ch/Atlas/GROUPS/PHYSICS/PAPERS/HIGG-2016-01/.thumb_fig_06a.png"
    },
    {
        "name": ".thumb_fig_06b.png",
        "url": "http://atlas.web.cern.ch/Atlas/GROUPS/PHYSICS/PAPERS/HIGG-2016-01/.thumb_fig_06b.png"
    },
    {
        "name": ".thumb_fig_06c.png",
        "url": "http://atlas.web.cern.ch/Atlas/GROUPS/PHYSICS/PAPERS/HIGG-2016-01/.thumb_fig_06c.png"
    },
    {
        "name": ".thumb_fig_07.png",
        "url": "http://atlas.web.cern.ch/Atlas/GROUPS/PHYSICS/PAPERS/HIGG-2016-01/.thumb_fig_07.png"
    },
    {
        "name": ".thumb_tab_01.png",
        "url": "http://atlas.web.cern.ch/Atlas/GROUPS/PHYSICS/PAPERS/HIGG-2016-01/.thumb_tab_01.png"
    },
    {
        "name": ".thumb_tab_02.png",
        "url": "http://atlas.web.cern.ch/Atlas/GROUPS/PHYSICS/PAPERS/HIGG-2016-01/.thumb_tab_02.png"
    },
    {
        "name": ".thumb_tab_03.png",
        "url": "http://atlas.web.cern.ch/Atlas/GROUPS/PHYSICS/PAPERS/HIGG-2016-01/.thumb_tab_03.png"
    },
    {
        "name": ".thumb_figaux_01a.png",
        "url": "http://atlas.web.cern.ch/Atlas/GROUPS/PHYSICS/PAPERS/HIGG-2016-01/.thumb_figaux_01a.png"
    },
    {
        "name": ".thumb_figaux_01b.png",
        "url": "http://atlas.web.cern.ch/Atlas/GROUPS/PHYSICS/PAPERS/HIGG-2016-01/.thumb_figaux_01b.png"
    },
    {
        "name": ".thumb_figaux_01c.png",
        "url": "http://atlas.web.cern.ch/Atlas/GROUPS/PHYSICS/PAPERS/HIGG-2016-01/.thumb_figaux_01c.png"
    },
    {
        "name": ".thumb_figaux_02a.png",
        "url": "http://atlas.web.cern.ch/Atlas/GROUPS/PHYSICS/PAPERS/HIGG-2016-01/.thumb_figaux_02a.png"
    },
    {
        "name": ".thumb_figaux_02b.png",
        "url": "http://atlas.web.cern.ch/Atlas/GROUPS/PHYSICS/PAPERS/HIGG-2016-01/.thumb_figaux_02b.png"
    },
    {
        "name": ".thumb_figaux_02c.png",
        "url": "http://atlas.web.cern.ch/Atlas/GROUPS/PHYSICS/PAPERS/HIGG-2016-01/.thumb_figaux_02c.png"
    },
    {
        "name": ".thumb_figaux_03a.png",
        "url": "http://atlas.web.cern.ch/Atlas/GROUPS/PHYSICS/PAPERS/HIGG-2016-01/.thumb_figaux_03a.png"
    },
    {
        "name": ".thumb_figaux_03b.png",
        "url": "http://atlas.web.cern.ch/Atlas/GROUPS/PHYSICS/PAPERS/HIGG-2016-01/.thumb_figaux_03b.png"
    },
    {
        "name": ".thumb_figaux_04a.png",
        "url": "http://atlas.web.cern.ch/Atlas/GROUPS/PHYSICS/PAPERS/HIGG-2016-01/.thumb_figaux_04a.png"
    },
    {
        "name": ".thumb_figaux_04b.png",
        "url": "http://atlas.web.cern.ch/Atlas/GROUPS/PHYSICS/PAPERS/HIGG-2016-01/.thumb_figaux_04b.png"
    },
    {
        "name": ".thumb_figaux_04c.png",
        "url": "http://atlas.web.cern.ch/Atlas/GROUPS/PHYSICS/PAPERS/HIGG-2016-01/.thumb_figaux_04c.png"
    },
    {
        "name": ".thumb_figaux_05.png",
        "url": "http://atlas.web.cern.ch/Atlas/GROUPS/PHYSICS/PAPERS/HIGG-2016-01/.thumb_figaux_05.png"
    },
    {
        "name": ".thumb_tabaux_01.png",
        "url": "http://atlas.web.cern.ch/Atlas/GROUPS/PHYSICS/PAPERS/HIGG-2016-01/.thumb_tabaux_01.png"
    },
    {
        "name": ".thumb_tabaux_02.png",
        "url": "http://atlas.web.cern.ch/Atlas/GROUPS/PHYSICS/PAPERS/HIGG-2016-01/.thumb_tabaux_02.png"
    },
    {
        "name": ".thumb_tabaux_03.png",
        "url": "http://atlas.web.cern.ch/Atlas/GROUPS/PHYSICS/PAPERS/HIGG-2016-01/.thumb_tabaux_03.png"
    }
]