[
    {
        "name": ".thumb_fig_01.png",
        "url": "https://atlas.web.cern.ch/Atlas/GROUPS/PHYSICS/PAPERS/BPHY-2020-07/.thumb_fig_01.png"
    },
    {
        "name": ".thumb_fig_02.png",
        "url": "https://atlas.web.cern.ch/Atlas/GROUPS/PHYSICS/PAPERS/BPHY-2020-07/.thumb_fig_02.png"
    },
    {
        "name": ".thumb_fig_03.png",
        "url": "https://atlas.web.cern.ch/Atlas/GROUPS/PHYSICS/PAPERS/BPHY-2020-07/.thumb_fig_03.png"
    },
    {
        "name": ".thumb_fig_04.png",
        "url": "https://atlas.web.cern.ch/Atlas/GROUPS/PHYSICS/PAPERS/BPHY-2020-07/.thumb_fig_04.png"
    },
    {
        "name": ".thumb_figaux_01a.png",
        "url": "https://atlas.web.cern.ch/Atlas/GROUPS/PHYSICS/PAPERS/BPHY-2020-07/.thumb_figaux_01a.png"
    },
    {
        "name": ".thumb_figaux_01b.png",
        "url": "https://atlas.web.cern.ch/Atlas/GROUPS/PHYSICS/PAPERS/BPHY-2020-07/.thumb_figaux_01b.png"
    },
    {
        "name": ".thumb_figaux_02.png",
        "url": "https://atlas.web.cern.ch/Atlas/GROUPS/PHYSICS/PAPERS/BPHY-2020-07/.thumb_figaux_02.png"
    },
    {
        "name": ".thumb_figaux_03a.png",
        "url": "https://atlas.web.cern.ch/Atlas/GROUPS/PHYSICS/PAPERS/BPHY-2020-07/.thumb_figaux_03a.png"
    },
    {
        "name": ".thumb_figaux_03b.png",
        "url": "https://atlas.web.cern.ch/Atlas/GROUPS/PHYSICS/PAPERS/BPHY-2020-07/.thumb_figaux_03b.png"
    },
    {
        "name": ".thumb_figaux_04a.png",
        "url": "https://atlas.web.cern.ch/Atlas/GROUPS/PHYSICS/PAPERS/BPHY-2020-07/.thumb_figaux_04a.png"
    },
    {
        "name": ".thumb_figaux_04b.png",
        "url": "https://atlas.web.cern.ch/Atlas/GROUPS/PHYSICS/PAPERS/BPHY-2020-07/.thumb_figaux_04b.png"
    },
    {
        "name": ".thumb_figaux_05a.png",
        "url": "https://atlas.web.cern.ch/Atlas/GROUPS/PHYSICS/PAPERS/BPHY-2020-07/.thumb_figaux_05a.png"
    },
    {
        "name": ".thumb_figaux_05b.png",
        "url": "https://atlas.web.cern.ch/Atlas/GROUPS/PHYSICS/PAPERS/BPHY-2020-07/.thumb_figaux_05b.png"
    },
    {
        "name": ".thumb_figaux_06.png",
        "url": "https://atlas.web.cern.ch/Atlas/GROUPS/PHYSICS/PAPERS/BPHY-2020-07/.thumb_figaux_06.png"
    },
    {
        "name": ".thumb_figaux_07.png",
        "url": "https://atlas.web.cern.ch/Atlas/GROUPS/PHYSICS/PAPERS/BPHY-2020-07/.thumb_figaux_07.png"
    },
    {
        "name": ".thumb_figaux_08.png",
        "url": "https://atlas.web.cern.ch/Atlas/GROUPS/PHYSICS/PAPERS/BPHY-2020-07/.thumb_figaux_08.png"
    },
    {
        "name": ".thumb_tabaux_01.png",
        "url": "https://atlas.web.cern.ch/Atlas/GROUPS/PHYSICS/PAPERS/BPHY-2020-07/.thumb_tabaux_01.png"
    }
]