[
    {
        "name": ".thumb_fig_01.png",
        "url": "https://atlas.web.cern.ch/Atlas/GROUPS/PHYSICS/PAPERS/TOPQ-2011-13/.thumb_fig_01.png"
    },
    {
        "name": ".thumb_fig_02.png",
        "url": "https://atlas.web.cern.ch/Atlas/GROUPS/PHYSICS/PAPERS/TOPQ-2011-13/.thumb_fig_02.png"
    },
    {
        "name": ".thumb_fig_03a.png",
        "url": "https://atlas.web.cern.ch/Atlas/GROUPS/PHYSICS/PAPERS/TOPQ-2011-13/.thumb_fig_03a.png"
    },
    {
        "name": ".thumb_fig_03b.png",
        "url": "https://atlas.web.cern.ch/Atlas/GROUPS/PHYSICS/PAPERS/TOPQ-2011-13/.thumb_fig_03b.png"
    },
    {
        "name": ".thumb_fig_03c.png",
        "url": "https://atlas.web.cern.ch/Atlas/GROUPS/PHYSICS/PAPERS/TOPQ-2011-13/.thumb_fig_03c.png"
    },
    {
        "name": ".thumb_fig_03d.png",
        "url": "https://atlas.web.cern.ch/Atlas/GROUPS/PHYSICS/PAPERS/TOPQ-2011-13/.thumb_fig_03d.png"
    },
    {
        "name": ".thumb_fig_04a.png",
        "url": "https://atlas.web.cern.ch/Atlas/GROUPS/PHYSICS/PAPERS/TOPQ-2011-13/.thumb_fig_04a.png"
    },
    {
        "name": ".thumb_fig_04b.png",
        "url": "https://atlas.web.cern.ch/Atlas/GROUPS/PHYSICS/PAPERS/TOPQ-2011-13/.thumb_fig_04b.png"
    },
    {
        "name": ".thumb_fig_04c.png",
        "url": "https://atlas.web.cern.ch/Atlas/GROUPS/PHYSICS/PAPERS/TOPQ-2011-13/.thumb_fig_04c.png"
    },
    {
        "name": ".thumb_fig_04d.png",
        "url": "https://atlas.web.cern.ch/Atlas/GROUPS/PHYSICS/PAPERS/TOPQ-2011-13/.thumb_fig_04d.png"
    },
    {
        "name": ".thumb_fig_05a.png",
        "url": "https://atlas.web.cern.ch/Atlas/GROUPS/PHYSICS/PAPERS/TOPQ-2011-13/.thumb_fig_05a.png"
    },
    {
        "name": ".thumb_fig_05b.png",
        "url": "https://atlas.web.cern.ch/Atlas/GROUPS/PHYSICS/PAPERS/TOPQ-2011-13/.thumb_fig_05b.png"
    },
    {
        "name": ".thumb_fig_06a.png",
        "url": "https://atlas.web.cern.ch/Atlas/GROUPS/PHYSICS/PAPERS/TOPQ-2011-13/.thumb_fig_06a.png"
    },
    {
        "name": ".thumb_fig_06b.png",
        "url": "https://atlas.web.cern.ch/Atlas/GROUPS/PHYSICS/PAPERS/TOPQ-2011-13/.thumb_fig_06b.png"
    },
    {
        "name": ".thumb_fig_07a.png",
        "url": "https://atlas.web.cern.ch/Atlas/GROUPS/PHYSICS/PAPERS/TOPQ-2011-13/.thumb_fig_07a.png"
    },
    {
        "name": ".thumb_fig_07b.png",
        "url": "https://atlas.web.cern.ch/Atlas/GROUPS/PHYSICS/PAPERS/TOPQ-2011-13/.thumb_fig_07b.png"
    },
    {
        "name": ".thumb_fig_08.png",
        "url": "https://atlas.web.cern.ch/Atlas/GROUPS/PHYSICS/PAPERS/TOPQ-2011-13/.thumb_fig_08.png"
    }
]