[
    {
        "name": ".thumb_fig_01a.png",
        "url": "http://atlas.web.cern.ch/Atlas/GROUPS/PHYSICS/PAPERS/HION-2013-07/.thumb_fig_01a.png"
    },
    {
        "name": ".thumb_fig_01b.png",
        "url": "http://atlas.web.cern.ch/Atlas/GROUPS/PHYSICS/PAPERS/HION-2013-07/.thumb_fig_01b.png"
    },
    {
        "name": ".thumb_fig_01c.png",
        "url": "http://atlas.web.cern.ch/Atlas/GROUPS/PHYSICS/PAPERS/HION-2013-07/.thumb_fig_01c.png"
    },
    {
        "name": ".thumb_fig_02a.png",
        "url": "http://atlas.web.cern.ch/Atlas/GROUPS/PHYSICS/PAPERS/HION-2013-07/.thumb_fig_02a.png"
    },
    {
        "name": ".thumb_fig_02b.png",
        "url": "http://atlas.web.cern.ch/Atlas/GROUPS/PHYSICS/PAPERS/HION-2013-07/.thumb_fig_02b.png"
    },
    {
        "name": ".thumb_fig_03a.png",
        "url": "http://atlas.web.cern.ch/Atlas/GROUPS/PHYSICS/PAPERS/HION-2013-07/.thumb_fig_03a.png"
    },
    {
        "name": ".thumb_fig_03b.png",
        "url": "http://atlas.web.cern.ch/Atlas/GROUPS/PHYSICS/PAPERS/HION-2013-07/.thumb_fig_03b.png"
    },
    {
        "name": ".thumb_fig_04a.png",
        "url": "http://atlas.web.cern.ch/Atlas/GROUPS/PHYSICS/PAPERS/HION-2013-07/.thumb_fig_04a.png"
    },
    {
        "name": ".thumb_fig_04b.png",
        "url": "http://atlas.web.cern.ch/Atlas/GROUPS/PHYSICS/PAPERS/HION-2013-07/.thumb_fig_04b.png"
    },
    {
        "name": ".thumb_fig_05.png",
        "url": "http://atlas.web.cern.ch/Atlas/GROUPS/PHYSICS/PAPERS/HION-2013-07/.thumb_fig_05.png"
    },
    {
        "name": ".thumb_fig_06a.png",
        "url": "http://atlas.web.cern.ch/Atlas/GROUPS/PHYSICS/PAPERS/HION-2013-07/.thumb_fig_06a.png"
    },
    {
        "name": ".thumb_fig_06b.png",
        "url": "http://atlas.web.cern.ch/Atlas/GROUPS/PHYSICS/PAPERS/HION-2013-07/.thumb_fig_06b.png"
    },
    {
        "name": ".thumb_fig_07a.png",
        "url": "http://atlas.web.cern.ch/Atlas/GROUPS/PHYSICS/PAPERS/HION-2013-07/.thumb_fig_07a.png"
    },
    {
        "name": ".thumb_fig_07b.png",
        "url": "http://atlas.web.cern.ch/Atlas/GROUPS/PHYSICS/PAPERS/HION-2013-07/.thumb_fig_07b.png"
    },
    {
        "name": ".thumb_fig_08a.png",
        "url": "http://atlas.web.cern.ch/Atlas/GROUPS/PHYSICS/PAPERS/HION-2013-07/.thumb_fig_08a.png"
    },
    {
        "name": ".thumb_fig_08b.png",
        "url": "http://atlas.web.cern.ch/Atlas/GROUPS/PHYSICS/PAPERS/HION-2013-07/.thumb_fig_08b.png"
    },
    {
        "name": ".thumb_fig_08c.png",
        "url": "http://atlas.web.cern.ch/Atlas/GROUPS/PHYSICS/PAPERS/HION-2013-07/.thumb_fig_08c.png"
    },
    {
        "name": ".thumb_tab_01.png",
        "url": "http://atlas.web.cern.ch/Atlas/GROUPS/PHYSICS/PAPERS/HION-2013-07/.thumb_tab_01.png"
    },
    {
        "name": ".thumb_tab_02.png",
        "url": "http://atlas.web.cern.ch/Atlas/GROUPS/PHYSICS/PAPERS/HION-2013-07/.thumb_tab_02.png"
    },
    {
        "name": ".thumb_tab_03.png",
        "url": "http://atlas.web.cern.ch/Atlas/GROUPS/PHYSICS/PAPERS/HION-2013-07/.thumb_tab_03.png"
    },
    {
        "name": ".thumb_tabaux_01.png",
        "url": "http://atlas.web.cern.ch/Atlas/GROUPS/PHYSICS/PAPERS/HION-2013-07/.thumb_tabaux_01.png"
    },
    {
        "name": ".thumb_tabaux_02.png",
        "url": "http://atlas.web.cern.ch/Atlas/GROUPS/PHYSICS/PAPERS/HION-2013-07/.thumb_tabaux_02.png"
    },
    {
        "name": ".thumb_tabaux_03.png",
        "url": "http://atlas.web.cern.ch/Atlas/GROUPS/PHYSICS/PAPERS/HION-2013-07/.thumb_tabaux_03.png"
    },
    {
        "name": ".thumb_tabaux_04.png",
        "url": "http://atlas.web.cern.ch/Atlas/GROUPS/PHYSICS/PAPERS/HION-2013-07/.thumb_tabaux_04.png"
    },
    {
        "name": ".thumb_tabaux_05.png",
        "url": "http://atlas.web.cern.ch/Atlas/GROUPS/PHYSICS/PAPERS/HION-2013-07/.thumb_tabaux_05.png"
    }
]