[
    {
        "name": ".thumb_fig_01a.png",
        "url": "http://atlas.web.cern.ch/Atlas/GROUPS/PHYSICS/PAPERS/.thumb_fig_01a.png"
    },
    {
        "name": ".thumb_fig_01b.png",
        "url": "http://atlas.web.cern.ch/Atlas/GROUPS/PHYSICS/PAPERS/.thumb_fig_01b.png"
    },
    {
        "name": ".thumb_fig_01c.png",
        "url": "http://atlas.web.cern.ch/Atlas/GROUPS/PHYSICS/PAPERS/.thumb_fig_01c.png"
    },
    {
        "name": ".thumb_fig_02.png",
        "url": "http://atlas.web.cern.ch/Atlas/GROUPS/PHYSICS/PAPERS/.thumb_fig_02.png"
    },
    {
        "name": ".thumb_fig_03.png",
        "url": "http://atlas.web.cern.ch/Atlas/GROUPS/PHYSICS/PAPERS/.thumb_fig_03.png"
    },
    {
        "name": ".thumb_fig_04a.png",
        "url": "http://atlas.web.cern.ch/Atlas/GROUPS/PHYSICS/PAPERS/.thumb_fig_04a.png"
    },
    {
        "name": ".thumb_fig_04b.png",
        "url": "http://atlas.web.cern.ch/Atlas/GROUPS/PHYSICS/PAPERS/.thumb_fig_04b.png"
    },
    {
        "name": ".thumb_fig_05a.png",
        "url": "http://atlas.web.cern.ch/Atlas/GROUPS/PHYSICS/PAPERS/.thumb_fig_05a.png"
    },
    {
        "name": ".thumb_fig_05b.png",
        "url": "http://atlas.web.cern.ch/Atlas/GROUPS/PHYSICS/PAPERS/.thumb_fig_05b.png"
    },
    {
        "name": ".thumb_fig_05c.png",
        "url": "http://atlas.web.cern.ch/Atlas/GROUPS/PHYSICS/PAPERS/.thumb_fig_05c.png"
    },
    {
        "name": ".thumb_fig_06a.png",
        "url": "http://atlas.web.cern.ch/Atlas/GROUPS/PHYSICS/PAPERS/.thumb_fig_06a.png"
    },
    {
        "name": ".thumb_fig_06b.png",
        "url": "http://atlas.web.cern.ch/Atlas/GROUPS/PHYSICS/PAPERS/.thumb_fig_06b.png"
    },
    {
        "name": ".thumb_fig_06c.png",
        "url": "http://atlas.web.cern.ch/Atlas/GROUPS/PHYSICS/PAPERS/.thumb_fig_06c.png"
    },
    {
        "name": ".thumb_fig_07a.png",
        "url": "http://atlas.web.cern.ch/Atlas/GROUPS/PHYSICS/PAPERS/.thumb_fig_07a.png"
    },
    {
        "name": ".thumb_fig_07b.png",
        "url": "http://atlas.web.cern.ch/Atlas/GROUPS/PHYSICS/PAPERS/.thumb_fig_07b.png"
    },
    {
        "name": ".thumb_fig_07c.png",
        "url": "http://atlas.web.cern.ch/Atlas/GROUPS/PHYSICS/PAPERS/.thumb_fig_07c.png"
    },
    {
        "name": ".thumb_fig_07d.png",
        "url": "http://atlas.web.cern.ch/Atlas/GROUPS/PHYSICS/PAPERS/.thumb_fig_07d.png"
    },
    {
        "name": ".thumb_fig_07e.png",
        "url": "http://atlas.web.cern.ch/Atlas/GROUPS/PHYSICS/PAPERS/.thumb_fig_07e.png"
    },
    {
        "name": ".thumb_fig_07f.png",
        "url": "http://atlas.web.cern.ch/Atlas/GROUPS/PHYSICS/PAPERS/.thumb_fig_07f.png"
    },
    {
        "name": ".thumb_fig_08a.png",
        "url": "http://atlas.web.cern.ch/Atlas/GROUPS/PHYSICS/PAPERS/.thumb_fig_08a.png"
    },
    {
        "name": ".thumb_fig_08b.png",
        "url": "http://atlas.web.cern.ch/Atlas/GROUPS/PHYSICS/PAPERS/.thumb_fig_08b.png"
    },
    {
        "name": ".thumb_fig_08c.png",
        "url": "http://atlas.web.cern.ch/Atlas/GROUPS/PHYSICS/PAPERS/.thumb_fig_08c.png"
    },
    {
        "name": ".thumb_fig_08d.png",
        "url": "http://atlas.web.cern.ch/Atlas/GROUPS/PHYSICS/PAPERS/.thumb_fig_08d.png"
    },
    {
        "name": ".thumb_fig_09a.png",
        "url": "http://atlas.web.cern.ch/Atlas/GROUPS/PHYSICS/PAPERS/.thumb_fig_09a.png"
    },
    {
        "name": ".thumb_fig_09b.png",
        "url": "http://atlas.web.cern.ch/Atlas/GROUPS/PHYSICS/PAPERS/.thumb_fig_09b.png"
    },
    {
        "name": ".thumb_fig_09c.png",
        "url": "http://atlas.web.cern.ch/Atlas/GROUPS/PHYSICS/PAPERS/.thumb_fig_09c.png"
    },
    {
        "name": ".thumb_fig_09d.png",
        "url": "http://atlas.web.cern.ch/Atlas/GROUPS/PHYSICS/PAPERS/.thumb_fig_09d.png"
    },
    {
        "name": ".thumb_fig_09e.png",
        "url": "http://atlas.web.cern.ch/Atlas/GROUPS/PHYSICS/PAPERS/.thumb_fig_09e.png"
    },
    {
        "name": ".thumb_fig_09f.png",
        "url": "http://atlas.web.cern.ch/Atlas/GROUPS/PHYSICS/PAPERS/.thumb_fig_09f.png"
    },
    {
        "name": ".thumb_fig_10a.png",
        "url": "http://atlas.web.cern.ch/Atlas/GROUPS/PHYSICS/PAPERS/.thumb_fig_10a.png"
    },
    {
        "name": ".thumb_fig_10b.png",
        "url": "http://atlas.web.cern.ch/Atlas/GROUPS/PHYSICS/PAPERS/.thumb_fig_10b.png"
    },
    {
        "name": ".thumb_fig_10c.png",
        "url": "http://atlas.web.cern.ch/Atlas/GROUPS/PHYSICS/PAPERS/.thumb_fig_10c.png"
    },
    {
        "name": ".thumb_fig_11a.png",
        "url": "http://atlas.web.cern.ch/Atlas/GROUPS/PHYSICS/PAPERS/.thumb_fig_11a.png"
    },
    {
        "name": ".thumb_fig_11b.png",
        "url": "http://atlas.web.cern.ch/Atlas/GROUPS/PHYSICS/PAPERS/.thumb_fig_11b.png"
    },
    {
        "name": ".thumb_fig_11c.png",
        "url": "http://atlas.web.cern.ch/Atlas/GROUPS/PHYSICS/PAPERS/.thumb_fig_11c.png"
    },
    {
        "name": ".thumb_fig_11d.png",
        "url": "http://atlas.web.cern.ch/Atlas/GROUPS/PHYSICS/PAPERS/.thumb_fig_11d.png"
    },
    {
        "name": ".thumb_fig_11e.png",
        "url": "http://atlas.web.cern.ch/Atlas/GROUPS/PHYSICS/PAPERS/.thumb_fig_11e.png"
    },
    {
        "name": ".thumb_fig_11f.png",
        "url": "http://atlas.web.cern.ch/Atlas/GROUPS/PHYSICS/PAPERS/.thumb_fig_11f.png"
    },
    {
        "name": ".thumb_fig_11g.png",
        "url": "http://atlas.web.cern.ch/Atlas/GROUPS/PHYSICS/PAPERS/.thumb_fig_11g.png"
    },
    {
        "name": ".thumb_fig_11h.png",
        "url": "http://atlas.web.cern.ch/Atlas/GROUPS/PHYSICS/PAPERS/.thumb_fig_11h.png"
    },
    {
        "name": ".thumb_fig_12a.png",
        "url": "http://atlas.web.cern.ch/Atlas/GROUPS/PHYSICS/PAPERS/.thumb_fig_12a.png"
    },
    {
        "name": ".thumb_fig_12b.png",
        "url": "http://atlas.web.cern.ch/Atlas/GROUPS/PHYSICS/PAPERS/.thumb_fig_12b.png"
    },
    {
        "name": ".thumb_fig_12c.png",
        "url": "http://atlas.web.cern.ch/Atlas/GROUPS/PHYSICS/PAPERS/.thumb_fig_12c.png"
    },
    {
        "name": ".thumb_fig_12d.png",
        "url": "http://atlas.web.cern.ch/Atlas/GROUPS/PHYSICS/PAPERS/.thumb_fig_12d.png"
    },
    {
        "name": ".thumb_fig_13a.png",
        "url": "http://atlas.web.cern.ch/Atlas/GROUPS/PHYSICS/PAPERS/.thumb_fig_13a.png"
    },
    {
        "name": ".thumb_fig_13b.png",
        "url": "http://atlas.web.cern.ch/Atlas/GROUPS/PHYSICS/PAPERS/.thumb_fig_13b.png"
    },
    {
        "name": ".thumb_fig_13c.png",
        "url": "http://atlas.web.cern.ch/Atlas/GROUPS/PHYSICS/PAPERS/.thumb_fig_13c.png"
    },
    {
        "name": ".thumb_fig_13d.png",
        "url": "http://atlas.web.cern.ch/Atlas/GROUPS/PHYSICS/PAPERS/.thumb_fig_13d.png"
    },
    {
        "name": ".thumb_fig_14a.png",
        "url": "http://atlas.web.cern.ch/Atlas/GROUPS/PHYSICS/PAPERS/.thumb_fig_14a.png"
    },
    {
        "name": ".thumb_fig_14b.png",
        "url": "http://atlas.web.cern.ch/Atlas/GROUPS/PHYSICS/PAPERS/.thumb_fig_14b.png"
    },
    {
        "name": ".thumb_fig_14c.png",
        "url": "http://atlas.web.cern.ch/Atlas/GROUPS/PHYSICS/PAPERS/.thumb_fig_14c.png"
    },
    {
        "name": ".thumb_fig_15a.png",
        "url": "http://atlas.web.cern.ch/Atlas/GROUPS/PHYSICS/PAPERS/.thumb_fig_15a.png"
    },
    {
        "name": ".thumb_fig_15b.png",
        "url": "http://atlas.web.cern.ch/Atlas/GROUPS/PHYSICS/PAPERS/.thumb_fig_15b.png"
    },
    {
        "name": ".thumb_fig_16a.png",
        "url": "http://atlas.web.cern.ch/Atlas/GROUPS/PHYSICS/PAPERS/.thumb_fig_16a.png"
    },
    {
        "name": ".thumb_fig_16b.png",
        "url": "http://atlas.web.cern.ch/Atlas/GROUPS/PHYSICS/PAPERS/.thumb_fig_16b.png"
    },
    {
        "name": ".thumb_tab_01.png",
        "url": "http://atlas.web.cern.ch/Atlas/GROUPS/PHYSICS/PAPERS/.thumb_tab_01.png"
    },
    {
        "name": ".thumb_tab_02.png",
        "url": "http://atlas.web.cern.ch/Atlas/GROUPS/PHYSICS/PAPERS/.thumb_tab_02.png"
    },
    {
        "name": ".thumb_tab_03.png",
        "url": "http://atlas.web.cern.ch/Atlas/GROUPS/PHYSICS/PAPERS/.thumb_tab_03.png"
    },
    {
        "name": ".thumb_tab_04.png",
        "url": "http://atlas.web.cern.ch/Atlas/GROUPS/PHYSICS/PAPERS/.thumb_tab_04.png"
    },
    {
        "name": ".thumb_tab_05.png",
        "url": "http://atlas.web.cern.ch/Atlas/GROUPS/PHYSICS/PAPERS/.thumb_tab_05.png"
    },
    {
        "name": ".thumb_tab_06.png",
        "url": "http://atlas.web.cern.ch/Atlas/GROUPS/PHYSICS/PAPERS/.thumb_tab_06.png"
    },
    {
        "name": ".thumb_tab_07.png",
        "url": "http://atlas.web.cern.ch/Atlas/GROUPS/PHYSICS/PAPERS/.thumb_tab_07.png"
    },
    {
        "name": ".thumb_tab_08.png",
        "url": "http://atlas.web.cern.ch/Atlas/GROUPS/PHYSICS/PAPERS/.thumb_tab_08.png"
    },
    {
        "name": ".thumb_tab_09.png",
        "url": "http://atlas.web.cern.ch/Atlas/GROUPS/PHYSICS/PAPERS/.thumb_tab_09.png"
    },
    {
        "name": ".thumb_tab_10.png",
        "url": "http://atlas.web.cern.ch/Atlas/GROUPS/PHYSICS/PAPERS/.thumb_tab_10.png"
    },
    {
        "name": ".thumb_tab_11.png",
        "url": "http://atlas.web.cern.ch/Atlas/GROUPS/PHYSICS/PAPERS/.thumb_tab_11.png"
    },
    {
        "name": ".thumb_tab_12.png",
        "url": "http://atlas.web.cern.ch/Atlas/GROUPS/PHYSICS/PAPERS/.thumb_tab_12.png"
    },
    {
        "name": ".thumb_tab_13.png",
        "url": "http://atlas.web.cern.ch/Atlas/GROUPS/PHYSICS/PAPERS/.thumb_tab_13.png"
    },
    {
        "name": ".thumb_tab_14.png",
        "url": "http://atlas.web.cern.ch/Atlas/GROUPS/PHYSICS/PAPERS/.thumb_tab_14.png"
    },
    {
        "name": ".thumb_figaux_01a.png",
        "url": "http://atlas.web.cern.ch/Atlas/GROUPS/PHYSICS/PAPERS/.thumb_figaux_01a.png"
    },
    {
        "name": ".thumb_figaux_01b.png",
        "url": "http://atlas.web.cern.ch/Atlas/GROUPS/PHYSICS/PAPERS/.thumb_figaux_01b.png"
    },
    {
        "name": ".thumb_figaux_01c.png",
        "url": "http://atlas.web.cern.ch/Atlas/GROUPS/PHYSICS/PAPERS/.thumb_figaux_01c.png"
    },
    {
        "name": ".thumb_figaux_02a.png",
        "url": "http://atlas.web.cern.ch/Atlas/GROUPS/PHYSICS/PAPERS/.thumb_figaux_02a.png"
    },
    {
        "name": ".thumb_figaux_02b.png",
        "url": "http://atlas.web.cern.ch/Atlas/GROUPS/PHYSICS/PAPERS/.thumb_figaux_02b.png"
    },
    {
        "name": ".thumb_figaux_03.png",
        "url": "http://atlas.web.cern.ch/Atlas/GROUPS/PHYSICS/PAPERS/.thumb_figaux_03.png"
    },
    {
        "name": ".thumb_figaux_04a.png",
        "url": "http://atlas.web.cern.ch/Atlas/GROUPS/PHYSICS/PAPERS/.thumb_figaux_04a.png"
    },
    {
        "name": ".thumb_figaux_04b.png",
        "url": "http://atlas.web.cern.ch/Atlas/GROUPS/PHYSICS/PAPERS/.thumb_figaux_04b.png"
    },
    {
        "name": ".thumb_figaux_04c.png",
        "url": "http://atlas.web.cern.ch/Atlas/GROUPS/PHYSICS/PAPERS/.thumb_figaux_04c.png"
    },
    {
        "name": ".thumb_figaux_05.png",
        "url": "http://atlas.web.cern.ch/Atlas/GROUPS/PHYSICS/PAPERS/.thumb_figaux_05.png"
    },
    {
        "name": ".thumb_figaux_06a.png",
        "url": "http://atlas.web.cern.ch/Atlas/GROUPS/PHYSICS/PAPERS/.thumb_figaux_06a.png"
    },
    {
        "name": ".thumb_figaux_06b.png",
        "url": "http://atlas.web.cern.ch/Atlas/GROUPS/PHYSICS/PAPERS/.thumb_figaux_06b.png"
    },
    {
        "name": ".thumb_figaux_07.png",
        "url": "http://atlas.web.cern.ch/Atlas/GROUPS/PHYSICS/PAPERS/.thumb_figaux_07.png"
    },
    {
        "name": ".thumb_figaux_08.png",
        "url": "http://atlas.web.cern.ch/Atlas/GROUPS/PHYSICS/PAPERS/.thumb_figaux_08.png"
    },
    {
        "name": ".thumb_figaux_09a.png",
        "url": "http://atlas.web.cern.ch/Atlas/GROUPS/PHYSICS/PAPERS/.thumb_figaux_09a.png"
    },
    {
        "name": ".thumb_figaux_09b.png",
        "url": "http://atlas.web.cern.ch/Atlas/GROUPS/PHYSICS/PAPERS/.thumb_figaux_09b.png"
    },
    {
        "name": ".thumb_figaux_09c.png",
        "url": "http://atlas.web.cern.ch/Atlas/GROUPS/PHYSICS/PAPERS/.thumb_figaux_09c.png"
    },
    {
        "name": ".thumb_figaux_10a.png",
        "url": "http://atlas.web.cern.ch/Atlas/GROUPS/PHYSICS/PAPERS/.thumb_figaux_10a.png"
    },
    {
        "name": ".thumb_figaux_10b.png",
        "url": "http://atlas.web.cern.ch/Atlas/GROUPS/PHYSICS/PAPERS/.thumb_figaux_10b.png"
    },
    {
        "name": ".thumb_figaux_11a.png",
        "url": "http://atlas.web.cern.ch/Atlas/GROUPS/PHYSICS/PAPERS/.thumb_figaux_11a.png"
    },
    {
        "name": ".thumb_figaux_11b.png",
        "url": "http://atlas.web.cern.ch/Atlas/GROUPS/PHYSICS/PAPERS/.thumb_figaux_11b.png"
    },
    {
        "name": ".thumb_figaux_11c.png",
        "url": "http://atlas.web.cern.ch/Atlas/GROUPS/PHYSICS/PAPERS/.thumb_figaux_11c.png"
    },
    {
        "name": ".thumb_figaux_11d.png",
        "url": "http://atlas.web.cern.ch/Atlas/GROUPS/PHYSICS/PAPERS/.thumb_figaux_11d.png"
    },
    {
        "name": ".thumb_figaux_12.png",
        "url": "http://atlas.web.cern.ch/Atlas/GROUPS/PHYSICS/PAPERS/.thumb_figaux_12.png"
    },
    {
        "name": ".thumb_figaux_13a.png",
        "url": "http://atlas.web.cern.ch/Atlas/GROUPS/PHYSICS/PAPERS/.thumb_figaux_13a.png"
    },
    {
        "name": ".thumb_figaux_13b.png",
        "url": "http://atlas.web.cern.ch/Atlas/GROUPS/PHYSICS/PAPERS/.thumb_figaux_13b.png"
    },
    {
        "name": ".thumb_figaux_14a.png",
        "url": "http://atlas.web.cern.ch/Atlas/GROUPS/PHYSICS/PAPERS/.thumb_figaux_14a.png"
    },
    {
        "name": ".thumb_figaux_14b.png",
        "url": "http://atlas.web.cern.ch/Atlas/GROUPS/PHYSICS/PAPERS/.thumb_figaux_14b.png"
    },
    {
        "name": ".thumb_figaux_15.png",
        "url": "http://atlas.web.cern.ch/Atlas/GROUPS/PHYSICS/PAPERS/.thumb_figaux_15.png"
    },
    {
        "name": ".thumb_figaux_16a.png",
        "url": "http://atlas.web.cern.ch/Atlas/GROUPS/PHYSICS/PAPERS/.thumb_figaux_16a.png"
    },
    {
        "name": ".thumb_figaux_16b.png",
        "url": "http://atlas.web.cern.ch/Atlas/GROUPS/PHYSICS/PAPERS/.thumb_figaux_16b.png"
    },
    {
        "name": ".thumb_figaux_16c.png",
        "url": "http://atlas.web.cern.ch/Atlas/GROUPS/PHYSICS/PAPERS/.thumb_figaux_16c.png"
    },
    {
        "name": ".thumb_figaux_16d.png",
        "url": "http://atlas.web.cern.ch/Atlas/GROUPS/PHYSICS/PAPERS/.thumb_figaux_16d.png"
    },
    {
        "name": ".thumb_figaux_16e.png",
        "url": "http://atlas.web.cern.ch/Atlas/GROUPS/PHYSICS/PAPERS/.thumb_figaux_16e.png"
    },
    {
        "name": ".thumb_figaux_16f.png",
        "url": "http://atlas.web.cern.ch/Atlas/GROUPS/PHYSICS/PAPERS/.thumb_figaux_16f.png"
    },
    {
        "name": ".thumb_figaux_16g.png",
        "url": "http://atlas.web.cern.ch/Atlas/GROUPS/PHYSICS/PAPERS/.thumb_figaux_16g.png"
    },
    {
        "name": ".thumb_figaux_17a.png",
        "url": "http://atlas.web.cern.ch/Atlas/GROUPS/PHYSICS/PAPERS/.thumb_figaux_17a.png"
    },
    {
        "name": ".thumb_figaux_17b.png",
        "url": "http://atlas.web.cern.ch/Atlas/GROUPS/PHYSICS/PAPERS/.thumb_figaux_17b.png"
    },
    {
        "name": ".thumb_figaux_17c.png",
        "url": "http://atlas.web.cern.ch/Atlas/GROUPS/PHYSICS/PAPERS/.thumb_figaux_17c.png"
    },
    {
        "name": ".thumb_figaux_17d.png",
        "url": "http://atlas.web.cern.ch/Atlas/GROUPS/PHYSICS/PAPERS/.thumb_figaux_17d.png"
    },
    {
        "name": ".thumb_figaux_17e.png",
        "url": "http://atlas.web.cern.ch/Atlas/GROUPS/PHYSICS/PAPERS/.thumb_figaux_17e.png"
    },
    {
        "name": ".thumb_figaux_17f.png",
        "url": "http://atlas.web.cern.ch/Atlas/GROUPS/PHYSICS/PAPERS/.thumb_figaux_17f.png"
    },
    {
        "name": ".thumb_figaux_18.png",
        "url": "http://atlas.web.cern.ch/Atlas/GROUPS/PHYSICS/PAPERS/.thumb_figaux_18.png"
    },
    {
        "name": ".thumb_figaux_19a.png",
        "url": "http://atlas.web.cern.ch/Atlas/GROUPS/PHYSICS/PAPERS/.thumb_figaux_19a.png"
    },
    {
        "name": ".thumb_figaux_19b.png",
        "url": "http://atlas.web.cern.ch/Atlas/GROUPS/PHYSICS/PAPERS/.thumb_figaux_19b.png"
    },
    {
        "name": ".thumb_figaux_20a.png",
        "url": "http://atlas.web.cern.ch/Atlas/GROUPS/PHYSICS/PAPERS/.thumb_figaux_20a.png"
    },
    {
        "name": ".thumb_figaux_20b.png",
        "url": "http://atlas.web.cern.ch/Atlas/GROUPS/PHYSICS/PAPERS/.thumb_figaux_20b.png"
    },
    {
        "name": ".thumb_figaux_21a.png",
        "url": "http://atlas.web.cern.ch/Atlas/GROUPS/PHYSICS/PAPERS/.thumb_figaux_21a.png"
    },
    {
        "name": ".thumb_figaux_21b.png",
        "url": "http://atlas.web.cern.ch/Atlas/GROUPS/PHYSICS/PAPERS/.thumb_figaux_21b.png"
    },
    {
        "name": ".thumb_figaux_21c.png",
        "url": "http://atlas.web.cern.ch/Atlas/GROUPS/PHYSICS/PAPERS/.thumb_figaux_21c.png"
    },
    {
        "name": ".thumb_figaux_22a.png",
        "url": "http://atlas.web.cern.ch/Atlas/GROUPS/PHYSICS/PAPERS/.thumb_figaux_22a.png"
    },
    {
        "name": ".thumb_figaux_22b.png",
        "url": "http://atlas.web.cern.ch/Atlas/GROUPS/PHYSICS/PAPERS/.thumb_figaux_22b.png"
    },
    {
        "name": ".thumb_figaux_22c.png",
        "url": "http://atlas.web.cern.ch/Atlas/GROUPS/PHYSICS/PAPERS/.thumb_figaux_22c.png"
    },
    {
        "name": ".thumb_figaux_23a.png",
        "url": "http://atlas.web.cern.ch/Atlas/GROUPS/PHYSICS/PAPERS/.thumb_figaux_23a.png"
    },
    {
        "name": ".thumb_figaux_23b.png",
        "url": "http://atlas.web.cern.ch/Atlas/GROUPS/PHYSICS/PAPERS/.thumb_figaux_23b.png"
    },
    {
        "name": ".thumb_figaux_24a.png",
        "url": "http://atlas.web.cern.ch/Atlas/GROUPS/PHYSICS/PAPERS/.thumb_figaux_24a.png"
    },
    {
        "name": ".thumb_figaux_24b.png",
        "url": "http://atlas.web.cern.ch/Atlas/GROUPS/PHYSICS/PAPERS/.thumb_figaux_24b.png"
    },
    {
        "name": ".thumb_figaux_24c.png",
        "url": "http://atlas.web.cern.ch/Atlas/GROUPS/PHYSICS/PAPERS/.thumb_figaux_24c.png"
    },
    {
        "name": ".thumb_figaux_25a.png",
        "url": "http://atlas.web.cern.ch/Atlas/GROUPS/PHYSICS/PAPERS/.thumb_figaux_25a.png"
    },
    {
        "name": ".thumb_figaux_25b.png",
        "url": "http://atlas.web.cern.ch/Atlas/GROUPS/PHYSICS/PAPERS/.thumb_figaux_25b.png"
    },
    {
        "name": ".thumb_figaux_25c.png",
        "url": "http://atlas.web.cern.ch/Atlas/GROUPS/PHYSICS/PAPERS/.thumb_figaux_25c.png"
    },
    {
        "name": ".thumb_figaux_26a.png",
        "url": "http://atlas.web.cern.ch/Atlas/GROUPS/PHYSICS/PAPERS/.thumb_figaux_26a.png"
    },
    {
        "name": ".thumb_figaux_26b.png",
        "url": "http://atlas.web.cern.ch/Atlas/GROUPS/PHYSICS/PAPERS/.thumb_figaux_26b.png"
    },
    {
        "name": ".thumb_figaux_26c.png",
        "url": "http://atlas.web.cern.ch/Atlas/GROUPS/PHYSICS/PAPERS/.thumb_figaux_26c.png"
    },
    {
        "name": ".thumb_figaux_27a.png",
        "url": "http://atlas.web.cern.ch/Atlas/GROUPS/PHYSICS/PAPERS/.thumb_figaux_27a.png"
    },
    {
        "name": ".thumb_figaux_27b.png",
        "url": "http://atlas.web.cern.ch/Atlas/GROUPS/PHYSICS/PAPERS/.thumb_figaux_27b.png"
    },
    {
        "name": ".thumb_figaux_28a.png",
        "url": "http://atlas.web.cern.ch/Atlas/GROUPS/PHYSICS/PAPERS/.thumb_figaux_28a.png"
    },
    {
        "name": ".thumb_figaux_28b.png",
        "url": "http://atlas.web.cern.ch/Atlas/GROUPS/PHYSICS/PAPERS/.thumb_figaux_28b.png"
    },
    {
        "name": ".thumb_figaux_28c.png",
        "url": "http://atlas.web.cern.ch/Atlas/GROUPS/PHYSICS/PAPERS/.thumb_figaux_28c.png"
    },
    {
        "name": ".thumb_figaux_28d.png",
        "url": "http://atlas.web.cern.ch/Atlas/GROUPS/PHYSICS/PAPERS/.thumb_figaux_28d.png"
    },
    {
        "name": ".thumb_figaux_28e.png",
        "url": "http://atlas.web.cern.ch/Atlas/GROUPS/PHYSICS/PAPERS/.thumb_figaux_28e.png"
    },
    {
        "name": ".thumb_figaux_28f.png",
        "url": "http://atlas.web.cern.ch/Atlas/GROUPS/PHYSICS/PAPERS/.thumb_figaux_28f.png"
    },
    {
        "name": ".thumb_figaux_29a.png",
        "url": "http://atlas.web.cern.ch/Atlas/GROUPS/PHYSICS/PAPERS/.thumb_figaux_29a.png"
    },
    {
        "name": ".thumb_figaux_29b.png",
        "url": "http://atlas.web.cern.ch/Atlas/GROUPS/PHYSICS/PAPERS/.thumb_figaux_29b.png"
    },
    {
        "name": ".thumb_figaux_29c.png",
        "url": "http://atlas.web.cern.ch/Atlas/GROUPS/PHYSICS/PAPERS/.thumb_figaux_29c.png"
    },
    {
        "name": ".thumb_figaux_29d.png",
        "url": "http://atlas.web.cern.ch/Atlas/GROUPS/PHYSICS/PAPERS/.thumb_figaux_29d.png"
    },
    {
        "name": ".thumb_figaux_29e.png",
        "url": "http://atlas.web.cern.ch/Atlas/GROUPS/PHYSICS/PAPERS/.thumb_figaux_29e.png"
    },
    {
        "name": ".thumb_figaux_29f.png",
        "url": "http://atlas.web.cern.ch/Atlas/GROUPS/PHYSICS/PAPERS/.thumb_figaux_29f.png"
    },
    {
        "name": ".thumb_figaux_29g.png",
        "url": "http://atlas.web.cern.ch/Atlas/GROUPS/PHYSICS/PAPERS/.thumb_figaux_29g.png"
    },
    {
        "name": ".thumb_figaux_29h.png",
        "url": "http://atlas.web.cern.ch/Atlas/GROUPS/PHYSICS/PAPERS/.thumb_figaux_29h.png"
    },
    {
        "name": ".thumb_figaux_30a.png",
        "url": "http://atlas.web.cern.ch/Atlas/GROUPS/PHYSICS/PAPERS/.thumb_figaux_30a.png"
    },
    {
        "name": ".thumb_figaux_30b.png",
        "url": "http://atlas.web.cern.ch/Atlas/GROUPS/PHYSICS/PAPERS/.thumb_figaux_30b.png"
    },
    {
        "name": ".thumb_figaux_30c.png",
        "url": "http://atlas.web.cern.ch/Atlas/GROUPS/PHYSICS/PAPERS/.thumb_figaux_30c.png"
    },
    {
        "name": ".thumb_figaux_30d.png",
        "url": "http://atlas.web.cern.ch/Atlas/GROUPS/PHYSICS/PAPERS/.thumb_figaux_30d.png"
    },
    {
        "name": ".thumb_figaux_30e.png",
        "url": "http://atlas.web.cern.ch/Atlas/GROUPS/PHYSICS/PAPERS/.thumb_figaux_30e.png"
    },
    {
        "name": ".thumb_figaux_30f.png",
        "url": "http://atlas.web.cern.ch/Atlas/GROUPS/PHYSICS/PAPERS/.thumb_figaux_30f.png"
    },
    {
        "name": ".thumb_figaux_30g.png",
        "url": "http://atlas.web.cern.ch/Atlas/GROUPS/PHYSICS/PAPERS/.thumb_figaux_30g.png"
    },
    {
        "name": ".thumb_figaux_30h.png",
        "url": "http://atlas.web.cern.ch/Atlas/GROUPS/PHYSICS/PAPERS/.thumb_figaux_30h.png"
    },
    {
        "name": ".thumb_figaux_31a.png",
        "url": "http://atlas.web.cern.ch/Atlas/GROUPS/PHYSICS/PAPERS/.thumb_figaux_31a.png"
    },
    {
        "name": ".thumb_figaux_31b.png",
        "url": "http://atlas.web.cern.ch/Atlas/GROUPS/PHYSICS/PAPERS/.thumb_figaux_31b.png"
    },
    {
        "name": ".thumb_figaux_31c.png",
        "url": "http://atlas.web.cern.ch/Atlas/GROUPS/PHYSICS/PAPERS/.thumb_figaux_31c.png"
    },
    {
        "name": ".thumb_figaux_31d.png",
        "url": "http://atlas.web.cern.ch/Atlas/GROUPS/PHYSICS/PAPERS/.thumb_figaux_31d.png"
    },
    {
        "name": ".thumb_figaux_31e.png",
        "url": "http://atlas.web.cern.ch/Atlas/GROUPS/PHYSICS/PAPERS/.thumb_figaux_31e.png"
    },
    {
        "name": ".thumb_figaux_31f.png",
        "url": "http://atlas.web.cern.ch/Atlas/GROUPS/PHYSICS/PAPERS/.thumb_figaux_31f.png"
    },
    {
        "name": ".thumb_figaux_31g.png",
        "url": "http://atlas.web.cern.ch/Atlas/GROUPS/PHYSICS/PAPERS/.thumb_figaux_31g.png"
    },
    {
        "name": ".thumb_figaux_31h.png",
        "url": "http://atlas.web.cern.ch/Atlas/GROUPS/PHYSICS/PAPERS/.thumb_figaux_31h.png"
    },
    {
        "name": ".thumb_figaux_32a.png",
        "url": "http://atlas.web.cern.ch/Atlas/GROUPS/PHYSICS/PAPERS/.thumb_figaux_32a.png"
    },
    {
        "name": ".thumb_figaux_32b.png",
        "url": "http://atlas.web.cern.ch/Atlas/GROUPS/PHYSICS/PAPERS/.thumb_figaux_32b.png"
    },
    {
        "name": ".thumb_figaux_32c.png",
        "url": "http://atlas.web.cern.ch/Atlas/GROUPS/PHYSICS/PAPERS/.thumb_figaux_32c.png"
    },
    {
        "name": ".thumb_figaux_32d.png",
        "url": "http://atlas.web.cern.ch/Atlas/GROUPS/PHYSICS/PAPERS/.thumb_figaux_32d.png"
    },
    {
        "name": ".thumb_figaux_32e.png",
        "url": "http://atlas.web.cern.ch/Atlas/GROUPS/PHYSICS/PAPERS/.thumb_figaux_32e.png"
    },
    {
        "name": ".thumb_figaux_32f.png",
        "url": "http://atlas.web.cern.ch/Atlas/GROUPS/PHYSICS/PAPERS/.thumb_figaux_32f.png"
    },
    {
        "name": ".thumb_figaux_33a.png",
        "url": "http://atlas.web.cern.ch/Atlas/GROUPS/PHYSICS/PAPERS/.thumb_figaux_33a.png"
    },
    {
        "name": ".thumb_figaux_33b.png",
        "url": "http://atlas.web.cern.ch/Atlas/GROUPS/PHYSICS/PAPERS/.thumb_figaux_33b.png"
    },
    {
        "name": ".thumb_figaux_33c.png",
        "url": "http://atlas.web.cern.ch/Atlas/GROUPS/PHYSICS/PAPERS/.thumb_figaux_33c.png"
    },
    {
        "name": ".thumb_figaux_33d.png",
        "url": "http://atlas.web.cern.ch/Atlas/GROUPS/PHYSICS/PAPERS/.thumb_figaux_33d.png"
    },
    {
        "name": ".thumb_figaux_33e.png",
        "url": "http://atlas.web.cern.ch/Atlas/GROUPS/PHYSICS/PAPERS/.thumb_figaux_33e.png"
    },
    {
        "name": ".thumb_figaux_33f.png",
        "url": "http://atlas.web.cern.ch/Atlas/GROUPS/PHYSICS/PAPERS/.thumb_figaux_33f.png"
    },
    {
        "name": ".thumb_figaux_34a.png",
        "url": "http://atlas.web.cern.ch/Atlas/GROUPS/PHYSICS/PAPERS/.thumb_figaux_34a.png"
    },
    {
        "name": ".thumb_figaux_34b.png",
        "url": "http://atlas.web.cern.ch/Atlas/GROUPS/PHYSICS/PAPERS/.thumb_figaux_34b.png"
    },
    {
        "name": ".thumb_figaux_34c.png",
        "url": "http://atlas.web.cern.ch/Atlas/GROUPS/PHYSICS/PAPERS/.thumb_figaux_34c.png"
    },
    {
        "name": ".thumb_figaux_34d.png",
        "url": "http://atlas.web.cern.ch/Atlas/GROUPS/PHYSICS/PAPERS/.thumb_figaux_34d.png"
    },
    {
        "name": ".thumb_figaux_34e.png",
        "url": "http://atlas.web.cern.ch/Atlas/GROUPS/PHYSICS/PAPERS/.thumb_figaux_34e.png"
    },
    {
        "name": ".thumb_figaux_34f.png",
        "url": "http://atlas.web.cern.ch/Atlas/GROUPS/PHYSICS/PAPERS/.thumb_figaux_34f.png"
    },
    {
        "name": ".thumb_figaux_35a.png",
        "url": "http://atlas.web.cern.ch/Atlas/GROUPS/PHYSICS/PAPERS/.thumb_figaux_35a.png"
    },
    {
        "name": ".thumb_figaux_35b.png",
        "url": "http://atlas.web.cern.ch/Atlas/GROUPS/PHYSICS/PAPERS/.thumb_figaux_35b.png"
    },
    {
        "name": ".thumb_figaux_35c.png",
        "url": "http://atlas.web.cern.ch/Atlas/GROUPS/PHYSICS/PAPERS/.thumb_figaux_35c.png"
    },
    {
        "name": ".thumb_figaux_35d.png",
        "url": "http://atlas.web.cern.ch/Atlas/GROUPS/PHYSICS/PAPERS/.thumb_figaux_35d.png"
    },
    {
        "name": ".thumb_figaux_35e.png",
        "url": "http://atlas.web.cern.ch/Atlas/GROUPS/PHYSICS/PAPERS/.thumb_figaux_35e.png"
    },
    {
        "name": ".thumb_figaux_35f.png",
        "url": "http://atlas.web.cern.ch/Atlas/GROUPS/PHYSICS/PAPERS/.thumb_figaux_35f.png"
    },
    {
        "name": ".thumb_figaux_36a.png",
        "url": "http://atlas.web.cern.ch/Atlas/GROUPS/PHYSICS/PAPERS/.thumb_figaux_36a.png"
    },
    {
        "name": ".thumb_figaux_36b.png",
        "url": "http://atlas.web.cern.ch/Atlas/GROUPS/PHYSICS/PAPERS/.thumb_figaux_36b.png"
    },
    {
        "name": ".thumb_figaux_36c.png",
        "url": "http://atlas.web.cern.ch/Atlas/GROUPS/PHYSICS/PAPERS/.thumb_figaux_36c.png"
    },
    {
        "name": ".thumb_figaux_36d.png",
        "url": "http://atlas.web.cern.ch/Atlas/GROUPS/PHYSICS/PAPERS/.thumb_figaux_36d.png"
    },
    {
        "name": ".thumb_figaux_36e.png",
        "url": "http://atlas.web.cern.ch/Atlas/GROUPS/PHYSICS/PAPERS/.thumb_figaux_36e.png"
    },
    {
        "name": ".thumb_figaux_36f.png",
        "url": "http://atlas.web.cern.ch/Atlas/GROUPS/PHYSICS/PAPERS/.thumb_figaux_36f.png"
    },
    {
        "name": ".thumb_figaux_37a.png",
        "url": "http://atlas.web.cern.ch/Atlas/GROUPS/PHYSICS/PAPERS/.thumb_figaux_37a.png"
    },
    {
        "name": ".thumb_figaux_37b.png",
        "url": "http://atlas.web.cern.ch/Atlas/GROUPS/PHYSICS/PAPERS/.thumb_figaux_37b.png"
    },
    {
        "name": ".thumb_figaux_37c.png",
        "url": "http://atlas.web.cern.ch/Atlas/GROUPS/PHYSICS/PAPERS/.thumb_figaux_37c.png"
    },
    {
        "name": ".thumb_figaux_37d.png",
        "url": "http://atlas.web.cern.ch/Atlas/GROUPS/PHYSICS/PAPERS/.thumb_figaux_37d.png"
    },
    {
        "name": ".thumb_figaux_38a.png",
        "url": "http://atlas.web.cern.ch/Atlas/GROUPS/PHYSICS/PAPERS/.thumb_figaux_38a.png"
    },
    {
        "name": ".thumb_figaux_38b.png",
        "url": "http://atlas.web.cern.ch/Atlas/GROUPS/PHYSICS/PAPERS/.thumb_figaux_38b.png"
    },
    {
        "name": ".thumb_figaux_38c.png",
        "url": "http://atlas.web.cern.ch/Atlas/GROUPS/PHYSICS/PAPERS/.thumb_figaux_38c.png"
    },
    {
        "name": ".thumb_figaux_39.png",
        "url": "http://atlas.web.cern.ch/Atlas/GROUPS/PHYSICS/PAPERS/.thumb_figaux_39.png"
    },
    {
        "name": ".thumb_figaux_40a.png",
        "url": "http://atlas.web.cern.ch/Atlas/GROUPS/PHYSICS/PAPERS/.thumb_figaux_40a.png"
    },
    {
        "name": ".thumb_figaux_40b.png",
        "url": "http://atlas.web.cern.ch/Atlas/GROUPS/PHYSICS/PAPERS/.thumb_figaux_40b.png"
    },
    {
        "name": ".thumb_figaux_40c.png",
        "url": "http://atlas.web.cern.ch/Atlas/GROUPS/PHYSICS/PAPERS/.thumb_figaux_40c.png"
    },
    {
        "name": ".thumb_figaux_40d.png",
        "url": "http://atlas.web.cern.ch/Atlas/GROUPS/PHYSICS/PAPERS/.thumb_figaux_40d.png"
    },
    {
        "name": ".thumb_figaux_41a.png",
        "url": "http://atlas.web.cern.ch/Atlas/GROUPS/PHYSICS/PAPERS/.thumb_figaux_41a.png"
    },
    {
        "name": ".thumb_figaux_41b.png",
        "url": "http://atlas.web.cern.ch/Atlas/GROUPS/PHYSICS/PAPERS/.thumb_figaux_41b.png"
    },
    {
        "name": ".thumb_figaux_41c.png",
        "url": "http://atlas.web.cern.ch/Atlas/GROUPS/PHYSICS/PAPERS/.thumb_figaux_41c.png"
    },
    {
        "name": ".thumb_figaux_41d.png",
        "url": "http://atlas.web.cern.ch/Atlas/GROUPS/PHYSICS/PAPERS/.thumb_figaux_41d.png"
    },
    {
        "name": ".thumb_figaux_42a.png",
        "url": "http://atlas.web.cern.ch/Atlas/GROUPS/PHYSICS/PAPERS/.thumb_figaux_42a.png"
    },
    {
        "name": ".thumb_figaux_42b.png",
        "url": "http://atlas.web.cern.ch/Atlas/GROUPS/PHYSICS/PAPERS/.thumb_figaux_42b.png"
    },
    {
        "name": ".thumb_figaux_43a.png",
        "url": "http://atlas.web.cern.ch/Atlas/GROUPS/PHYSICS/PAPERS/.thumb_figaux_43a.png"
    },
    {
        "name": ".thumb_figaux_43b.png",
        "url": "http://atlas.web.cern.ch/Atlas/GROUPS/PHYSICS/PAPERS/.thumb_figaux_43b.png"
    },
    {
        "name": ".thumb_figaux_44a.png",
        "url": "http://atlas.web.cern.ch/Atlas/GROUPS/PHYSICS/PAPERS/.thumb_figaux_44a.png"
    },
    {
        "name": ".thumb_figaux_44b.png",
        "url": "http://atlas.web.cern.ch/Atlas/GROUPS/PHYSICS/PAPERS/.thumb_figaux_44b.png"
    },
    {
        "name": ".thumb_figaux_44c.png",
        "url": "http://atlas.web.cern.ch/Atlas/GROUPS/PHYSICS/PAPERS/.thumb_figaux_44c.png"
    },
    {
        "name": ".thumb_figaux_44d.png",
        "url": "http://atlas.web.cern.ch/Atlas/GROUPS/PHYSICS/PAPERS/.thumb_figaux_44d.png"
    },
    {
        "name": ".thumb_figaux_44e.png",
        "url": "http://atlas.web.cern.ch/Atlas/GROUPS/PHYSICS/PAPERS/.thumb_figaux_44e.png"
    },
    {
        "name": ".thumb_figaux_44f.png",
        "url": "http://atlas.web.cern.ch/Atlas/GROUPS/PHYSICS/PAPERS/.thumb_figaux_44f.png"
    },
    {
        "name": ".thumb_figaux_45a.png",
        "url": "http://atlas.web.cern.ch/Atlas/GROUPS/PHYSICS/PAPERS/.thumb_figaux_45a.png"
    },
    {
        "name": ".thumb_figaux_45b.png",
        "url": "http://atlas.web.cern.ch/Atlas/GROUPS/PHYSICS/PAPERS/.thumb_figaux_45b.png"
    },
    {
        "name": ".thumb_figaux_45c.png",
        "url": "http://atlas.web.cern.ch/Atlas/GROUPS/PHYSICS/PAPERS/.thumb_figaux_45c.png"
    },
    {
        "name": ".thumb_figaux_45d.png",
        "url": "http://atlas.web.cern.ch/Atlas/GROUPS/PHYSICS/PAPERS/.thumb_figaux_45d.png"
    },
    {
        "name": ".thumb_figaux_45e.png",
        "url": "http://atlas.web.cern.ch/Atlas/GROUPS/PHYSICS/PAPERS/.thumb_figaux_45e.png"
    },
    {
        "name": ".thumb_figaux_45f.png",
        "url": "http://atlas.web.cern.ch/Atlas/GROUPS/PHYSICS/PAPERS/.thumb_figaux_45f.png"
    },
    {
        "name": ".thumb_figaux_46a.png",
        "url": "http://atlas.web.cern.ch/Atlas/GROUPS/PHYSICS/PAPERS/.thumb_figaux_46a.png"
    },
    {
        "name": ".thumb_figaux_46b.png",
        "url": "http://atlas.web.cern.ch/Atlas/GROUPS/PHYSICS/PAPERS/.thumb_figaux_46b.png"
    },
    {
        "name": ".thumb_figaux_46c.png",
        "url": "http://atlas.web.cern.ch/Atlas/GROUPS/PHYSICS/PAPERS/.thumb_figaux_46c.png"
    },
    {
        "name": ".thumb_figaux_46d.png",
        "url": "http://atlas.web.cern.ch/Atlas/GROUPS/PHYSICS/PAPERS/.thumb_figaux_46d.png"
    },
    {
        "name": ".thumb_figaux_46e.png",
        "url": "http://atlas.web.cern.ch/Atlas/GROUPS/PHYSICS/PAPERS/.thumb_figaux_46e.png"
    },
    {
        "name": ".thumb_figaux_46f.png",
        "url": "http://atlas.web.cern.ch/Atlas/GROUPS/PHYSICS/PAPERS/.thumb_figaux_46f.png"
    },
    {
        "name": ".thumb_tabaux_01.png",
        "url": "http://atlas.web.cern.ch/Atlas/GROUPS/PHYSICS/PAPERS/.thumb_tabaux_01.png"
    },
    {
        "name": ".thumb_tabaux_02.png",
        "url": "http://atlas.web.cern.ch/Atlas/GROUPS/PHYSICS/PAPERS/.thumb_tabaux_02.png"
    },
    {
        "name": ".thumb_tabaux_03.png",
        "url": "http://atlas.web.cern.ch/Atlas/GROUPS/PHYSICS/PAPERS/.thumb_tabaux_03.png"
    },
    {
        "name": ".thumb_tabaux_04.png",
        "url": "http://atlas.web.cern.ch/Atlas/GROUPS/PHYSICS/PAPERS/.thumb_tabaux_04.png"
    },
    {
        "name": ".thumb_tabaux_05.png",
        "url": "http://atlas.web.cern.ch/Atlas/GROUPS/PHYSICS/PAPERS/.thumb_tabaux_05.png"
    },
    {
        "name": ".thumb_tabaux_06.png",
        "url": "http://atlas.web.cern.ch/Atlas/GROUPS/PHYSICS/PAPERS/.thumb_tabaux_06.png"
    },
    {
        "name": ".thumb_tabaux_07.png",
        "url": "http://atlas.web.cern.ch/Atlas/GROUPS/PHYSICS/PAPERS/.thumb_tabaux_07.png"
    },
    {
        "name": ".thumb_tabaux_08.png",
        "url": "http://atlas.web.cern.ch/Atlas/GROUPS/PHYSICS/PAPERS/.thumb_tabaux_08.png"
    },
    {
        "name": ".thumb_tabaux_09.png",
        "url": "http://atlas.web.cern.ch/Atlas/GROUPS/PHYSICS/PAPERS/.thumb_tabaux_09.png"
    },
    {
        "name": ".thumb_tabaux_10.png",
        "url": "http://atlas.web.cern.ch/Atlas/GROUPS/PHYSICS/PAPERS/.thumb_tabaux_10.png"
    },
    {
        "name": ".thumb_tabaux_11.png",
        "url": "http://atlas.web.cern.ch/Atlas/GROUPS/PHYSICS/PAPERS/.thumb_tabaux_11.png"
    },
    {
        "name": ".thumb_tabaux_12.png",
        "url": "http://atlas.web.cern.ch/Atlas/GROUPS/PHYSICS/PAPERS/.thumb_tabaux_12.png"
    },
    {
        "name": ".thumb_tabaux_13.png",
        "url": "http://atlas.web.cern.ch/Atlas/GROUPS/PHYSICS/PAPERS/.thumb_tabaux_13.png"
    },
    {
        "name": ".thumb_tabaux_14.png",
        "url": "http://atlas.web.cern.ch/Atlas/GROUPS/PHYSICS/PAPERS/.thumb_tabaux_14.png"
    },
    {
        "name": ".thumb_tabaux_15.png",
        "url": "http://atlas.web.cern.ch/Atlas/GROUPS/PHYSICS/PAPERS/.thumb_tabaux_15.png"
    },
    {
        "name": ".thumb_tabaux_16.png",
        "url": "http://atlas.web.cern.ch/Atlas/GROUPS/PHYSICS/PAPERS/.thumb_tabaux_16.png"
    },
    {
        "name": ".thumb_tabaux_17.png",
        "url": "http://atlas.web.cern.ch/Atlas/GROUPS/PHYSICS/PAPERS/.thumb_tabaux_17.png"
    },
    {
        "name": ".thumb_tabaux_18.png",
        "url": "http://atlas.web.cern.ch/Atlas/GROUPS/PHYSICS/PAPERS/.thumb_tabaux_18.png"
    },
    {
        "name": ".thumb_tabaux_19.png",
        "url": "http://atlas.web.cern.ch/Atlas/GROUPS/PHYSICS/PAPERS/.thumb_tabaux_19.png"
    },
    {
        "name": ".thumb_tabaux_20.png",
        "url": "http://atlas.web.cern.ch/Atlas/GROUPS/PHYSICS/PAPERS/.thumb_tabaux_20.png"
    },
    {
        "name": ".thumb_tabaux_21.png",
        "url": "http://atlas.web.cern.ch/Atlas/GROUPS/PHYSICS/PAPERS/.thumb_tabaux_21.png"
    },
    {
        "name": ".thumb_tabaux_22.png",
        "url": "http://atlas.web.cern.ch/Atlas/GROUPS/PHYSICS/PAPERS/.thumb_tabaux_22.png"
    },
    {
        "name": ".thumb_tabaux_23.png",
        "url": "http://atlas.web.cern.ch/Atlas/GROUPS/PHYSICS/PAPERS/.thumb_tabaux_23.png"
    },
    {
        "name": ".thumb_tabaux_24.png",
        "url": "http://atlas.web.cern.ch/Atlas/GROUPS/PHYSICS/PAPERS/.thumb_tabaux_24.png"
    }
]