[
    {
        "name": ".thumb_fig_01.png",
        "url": "https://atlas.web.cern.ch/Atlas/GROUPS/PHYSICS/PAPERS/STDM-2014-17/.thumb_fig_01.png"
    },
    {
        "name": ".thumb_fig_02a.png",
        "url": "https://atlas.web.cern.ch/Atlas/GROUPS/PHYSICS/PAPERS/STDM-2014-17/.thumb_fig_02a.png"
    },
    {
        "name": ".thumb_fig_02b.png",
        "url": "https://atlas.web.cern.ch/Atlas/GROUPS/PHYSICS/PAPERS/STDM-2014-17/.thumb_fig_02b.png"
    },
    {
        "name": ".thumb_fig_03a.png",
        "url": "https://atlas.web.cern.ch/Atlas/GROUPS/PHYSICS/PAPERS/STDM-2014-17/.thumb_fig_03a.png"
    },
    {
        "name": ".thumb_fig_03b.png",
        "url": "https://atlas.web.cern.ch/Atlas/GROUPS/PHYSICS/PAPERS/STDM-2014-17/.thumb_fig_03b.png"
    },
    {
        "name": ".thumb_fig_03c.png",
        "url": "https://atlas.web.cern.ch/Atlas/GROUPS/PHYSICS/PAPERS/STDM-2014-17/.thumb_fig_03c.png"
    },
    {
        "name": ".thumb_fig_04a.png",
        "url": "https://atlas.web.cern.ch/Atlas/GROUPS/PHYSICS/PAPERS/STDM-2014-17/.thumb_fig_04a.png"
    },
    {
        "name": ".thumb_fig_04b.png",
        "url": "https://atlas.web.cern.ch/Atlas/GROUPS/PHYSICS/PAPERS/STDM-2014-17/.thumb_fig_04b.png"
    },
    {
        "name": ".thumb_fig_05a.png",
        "url": "https://atlas.web.cern.ch/Atlas/GROUPS/PHYSICS/PAPERS/STDM-2014-17/.thumb_fig_05a.png"
    },
    {
        "name": ".thumb_fig_05b.png",
        "url": "https://atlas.web.cern.ch/Atlas/GROUPS/PHYSICS/PAPERS/STDM-2014-17/.thumb_fig_05b.png"
    },
    {
        "name": ".thumb_fig_05c.png",
        "url": "https://atlas.web.cern.ch/Atlas/GROUPS/PHYSICS/PAPERS/STDM-2014-17/.thumb_fig_05c.png"
    },
    {
        "name": ".thumb_fig_05d.png",
        "url": "https://atlas.web.cern.ch/Atlas/GROUPS/PHYSICS/PAPERS/STDM-2014-17/.thumb_fig_05d.png"
    },
    {
        "name": ".thumb_fig_06a.png",
        "url": "https://atlas.web.cern.ch/Atlas/GROUPS/PHYSICS/PAPERS/STDM-2014-17/.thumb_fig_06a.png"
    },
    {
        "name": ".thumb_fig_06b.png",
        "url": "https://atlas.web.cern.ch/Atlas/GROUPS/PHYSICS/PAPERS/STDM-2014-17/.thumb_fig_06b.png"
    },
    {
        "name": ".thumb_fig_07a.png",
        "url": "https://atlas.web.cern.ch/Atlas/GROUPS/PHYSICS/PAPERS/STDM-2014-17/.thumb_fig_07a.png"
    },
    {
        "name": ".thumb_fig_07b.png",
        "url": "https://atlas.web.cern.ch/Atlas/GROUPS/PHYSICS/PAPERS/STDM-2014-17/.thumb_fig_07b.png"
    },
    {
        "name": ".thumb_fig_08a.png",
        "url": "https://atlas.web.cern.ch/Atlas/GROUPS/PHYSICS/PAPERS/STDM-2014-17/.thumb_fig_08a.png"
    },
    {
        "name": ".thumb_fig_08b.png",
        "url": "https://atlas.web.cern.ch/Atlas/GROUPS/PHYSICS/PAPERS/STDM-2014-17/.thumb_fig_08b.png"
    },
    {
        "name": ".thumb_fig_08c.png",
        "url": "https://atlas.web.cern.ch/Atlas/GROUPS/PHYSICS/PAPERS/STDM-2014-17/.thumb_fig_08c.png"
    },
    {
        "name": ".thumb_fig_08d.png",
        "url": "https://atlas.web.cern.ch/Atlas/GROUPS/PHYSICS/PAPERS/STDM-2014-17/.thumb_fig_08d.png"
    },
    {
        "name": ".thumb_fig_09a.png",
        "url": "https://atlas.web.cern.ch/Atlas/GROUPS/PHYSICS/PAPERS/STDM-2014-17/.thumb_fig_09a.png"
    },
    {
        "name": ".thumb_fig_09b.png",
        "url": "https://atlas.web.cern.ch/Atlas/GROUPS/PHYSICS/PAPERS/STDM-2014-17/.thumb_fig_09b.png"
    },
    {
        "name": ".thumb_fig_10a.png",
        "url": "https://atlas.web.cern.ch/Atlas/GROUPS/PHYSICS/PAPERS/STDM-2014-17/.thumb_fig_10a.png"
    },
    {
        "name": ".thumb_fig_10b.png",
        "url": "https://atlas.web.cern.ch/Atlas/GROUPS/PHYSICS/PAPERS/STDM-2014-17/.thumb_fig_10b.png"
    },
    {
        "name": ".thumb_fig_11.png",
        "url": "https://atlas.web.cern.ch/Atlas/GROUPS/PHYSICS/PAPERS/STDM-2014-17/.thumb_fig_11.png"
    },
    {
        "name": ".thumb_fig_11a.png",
        "url": "https://atlas.web.cern.ch/Atlas/GROUPS/PHYSICS/PAPERS/STDM-2014-17/.thumb_fig_11a.png"
    },
    {
        "name": ".thumb_fig_11b.png",
        "url": "https://atlas.web.cern.ch/Atlas/GROUPS/PHYSICS/PAPERS/STDM-2014-17/.thumb_fig_11b.png"
    },
    {
        "name": ".thumb_fig_11c.png",
        "url": "https://atlas.web.cern.ch/Atlas/GROUPS/PHYSICS/PAPERS/STDM-2014-17/.thumb_fig_11c.png"
    },
    {
        "name": ".thumb_fig_12.png",
        "url": "https://atlas.web.cern.ch/Atlas/GROUPS/PHYSICS/PAPERS/STDM-2014-17/.thumb_fig_12.png"
    },
    {
        "name": ".thumb_fig_12a.png",
        "url": "https://atlas.web.cern.ch/Atlas/GROUPS/PHYSICS/PAPERS/STDM-2014-17/.thumb_fig_12a.png"
    },
    {
        "name": ".thumb_fig_12b.png",
        "url": "https://atlas.web.cern.ch/Atlas/GROUPS/PHYSICS/PAPERS/STDM-2014-17/.thumb_fig_12b.png"
    },
    {
        "name": ".thumb_fig_12c.png",
        "url": "https://atlas.web.cern.ch/Atlas/GROUPS/PHYSICS/PAPERS/STDM-2014-17/.thumb_fig_12c.png"
    },
    {
        "name": ".thumb_fig_13a.png",
        "url": "https://atlas.web.cern.ch/Atlas/GROUPS/PHYSICS/PAPERS/STDM-2014-17/.thumb_fig_13a.png"
    },
    {
        "name": ".thumb_fig_13b.png",
        "url": "https://atlas.web.cern.ch/Atlas/GROUPS/PHYSICS/PAPERS/STDM-2014-17/.thumb_fig_13b.png"
    },
    {
        "name": ".thumb_fig_13c.png",
        "url": "https://atlas.web.cern.ch/Atlas/GROUPS/PHYSICS/PAPERS/STDM-2014-17/.thumb_fig_13c.png"
    },
    {
        "name": ".thumb_fig_13d.png",
        "url": "https://atlas.web.cern.ch/Atlas/GROUPS/PHYSICS/PAPERS/STDM-2014-17/.thumb_fig_13d.png"
    },
    {
        "name": ".thumb_fig_14a.png",
        "url": "https://atlas.web.cern.ch/Atlas/GROUPS/PHYSICS/PAPERS/STDM-2014-17/.thumb_fig_14a.png"
    },
    {
        "name": ".thumb_fig_14b.png",
        "url": "https://atlas.web.cern.ch/Atlas/GROUPS/PHYSICS/PAPERS/STDM-2014-17/.thumb_fig_14b.png"
    },
    {
        "name": ".thumb_fig_14c.png",
        "url": "https://atlas.web.cern.ch/Atlas/GROUPS/PHYSICS/PAPERS/STDM-2014-17/.thumb_fig_14c.png"
    },
    {
        "name": ".thumb_fig_14d.png",
        "url": "https://atlas.web.cern.ch/Atlas/GROUPS/PHYSICS/PAPERS/STDM-2014-17/.thumb_fig_14d.png"
    },
    {
        "name": ".thumb_fig_15.png",
        "url": "https://atlas.web.cern.ch/Atlas/GROUPS/PHYSICS/PAPERS/STDM-2014-17/.thumb_fig_15.png"
    },
    {
        "name": ".thumb_fig_16.png",
        "url": "https://atlas.web.cern.ch/Atlas/GROUPS/PHYSICS/PAPERS/STDM-2014-17/.thumb_fig_16.png"
    },
    {
        "name": ".thumb_tab_01.png",
        "url": "https://atlas.web.cern.ch/Atlas/GROUPS/PHYSICS/PAPERS/STDM-2014-17/.thumb_tab_01.png"
    },
    {
        "name": ".thumb_tab_02.png",
        "url": "https://atlas.web.cern.ch/Atlas/GROUPS/PHYSICS/PAPERS/STDM-2014-17/.thumb_tab_02.png"
    },
    {
        "name": ".thumb_tab_03.png",
        "url": "https://atlas.web.cern.ch/Atlas/GROUPS/PHYSICS/PAPERS/STDM-2014-17/.thumb_tab_03.png"
    },
    {
        "name": ".thumb_figaux_01.png",
        "url": "https://atlas.web.cern.ch/Atlas/GROUPS/PHYSICS/PAPERS/STDM-2014-17/.thumb_figaux_01.png"
    },
    {
        "name": ".thumb_figaux_02a.png",
        "url": "https://atlas.web.cern.ch/Atlas/GROUPS/PHYSICS/PAPERS/STDM-2014-17/.thumb_figaux_02a.png"
    },
    {
        "name": ".thumb_figaux_02b.png",
        "url": "https://atlas.web.cern.ch/Atlas/GROUPS/PHYSICS/PAPERS/STDM-2014-17/.thumb_figaux_02b.png"
    },
    {
        "name": ".thumb_figaux_02c.png",
        "url": "https://atlas.web.cern.ch/Atlas/GROUPS/PHYSICS/PAPERS/STDM-2014-17/.thumb_figaux_02c.png"
    },
    {
        "name": ".thumb_figaux_02d.png",
        "url": "https://atlas.web.cern.ch/Atlas/GROUPS/PHYSICS/PAPERS/STDM-2014-17/.thumb_figaux_02d.png"
    },
    {
        "name": ".thumb_figaux_03a.png",
        "url": "https://atlas.web.cern.ch/Atlas/GROUPS/PHYSICS/PAPERS/STDM-2014-17/.thumb_figaux_03a.png"
    },
    {
        "name": ".thumb_figaux_03b.png",
        "url": "https://atlas.web.cern.ch/Atlas/GROUPS/PHYSICS/PAPERS/STDM-2014-17/.thumb_figaux_03b.png"
    },
    {
        "name": ".thumb_figaux_03c.png",
        "url": "https://atlas.web.cern.ch/Atlas/GROUPS/PHYSICS/PAPERS/STDM-2014-17/.thumb_figaux_03c.png"
    },
    {
        "name": ".thumb_figaux_04a.png",
        "url": "https://atlas.web.cern.ch/Atlas/GROUPS/PHYSICS/PAPERS/STDM-2014-17/.thumb_figaux_04a.png"
    },
    {
        "name": ".thumb_figaux_04b.png",
        "url": "https://atlas.web.cern.ch/Atlas/GROUPS/PHYSICS/PAPERS/STDM-2014-17/.thumb_figaux_04b.png"
    },
    {
        "name": ".thumb_figaux_04c.png",
        "url": "https://atlas.web.cern.ch/Atlas/GROUPS/PHYSICS/PAPERS/STDM-2014-17/.thumb_figaux_04c.png"
    },
    {
        "name": ".thumb_figaux_05a.png",
        "url": "https://atlas.web.cern.ch/Atlas/GROUPS/PHYSICS/PAPERS/STDM-2014-17/.thumb_figaux_05a.png"
    },
    {
        "name": ".thumb_figaux_05b.png",
        "url": "https://atlas.web.cern.ch/Atlas/GROUPS/PHYSICS/PAPERS/STDM-2014-17/.thumb_figaux_05b.png"
    },
    {
        "name": ".thumb_tabaux_01.png",
        "url": "https://atlas.web.cern.ch/Atlas/GROUPS/PHYSICS/PAPERS/STDM-2014-17/.thumb_tabaux_01.png"
    },
    {
        "name": ".thumb_tabaux_02.png",
        "url": "https://atlas.web.cern.ch/Atlas/GROUPS/PHYSICS/PAPERS/STDM-2014-17/.thumb_tabaux_02.png"
    },
    {
        "name": ".thumb_tabaux_03.png",
        "url": "https://atlas.web.cern.ch/Atlas/GROUPS/PHYSICS/PAPERS/STDM-2014-17/.thumb_tabaux_03.png"
    },
    {
        "name": ".thumb_tabaux_04.png",
        "url": "https://atlas.web.cern.ch/Atlas/GROUPS/PHYSICS/PAPERS/STDM-2014-17/.thumb_tabaux_04.png"
    },
    {
        "name": ".thumb_tabaux_05.png",
        "url": "https://atlas.web.cern.ch/Atlas/GROUPS/PHYSICS/PAPERS/STDM-2014-17/.thumb_tabaux_05.png"
    },
    {
        "name": ".thumb_tabaux_06.png",
        "url": "https://atlas.web.cern.ch/Atlas/GROUPS/PHYSICS/PAPERS/STDM-2014-17/.thumb_tabaux_06.png"
    },
    {
        "name": ".thumb_tabaux_07.png",
        "url": "https://atlas.web.cern.ch/Atlas/GROUPS/PHYSICS/PAPERS/STDM-2014-17/.thumb_tabaux_07.png"
    },
    {
        "name": ".thumb_tabaux_08.png",
        "url": "https://atlas.web.cern.ch/Atlas/GROUPS/PHYSICS/PAPERS/STDM-2014-17/.thumb_tabaux_08.png"
    },
    {
        "name": ".thumb_tabaux_09.png",
        "url": "https://atlas.web.cern.ch/Atlas/GROUPS/PHYSICS/PAPERS/STDM-2014-17/.thumb_tabaux_09.png"
    },
    {
        "name": ".thumb_tabaux_10.png",
        "url": "https://atlas.web.cern.ch/Atlas/GROUPS/PHYSICS/PAPERS/STDM-2014-17/.thumb_tabaux_10.png"
    },
    {
        "name": ".thumb_tabaux_11.png",
        "url": "https://atlas.web.cern.ch/Atlas/GROUPS/PHYSICS/PAPERS/STDM-2014-17/.thumb_tabaux_11.png"
    },
    {
        "name": ".thumb_tabaux_12.png",
        "url": "https://atlas.web.cern.ch/Atlas/GROUPS/PHYSICS/PAPERS/STDM-2014-17/.thumb_tabaux_12.png"
    }
]