[
    {
        "name": ".thumb_fig_01.png",
        "url": "http://atlas.web.cern.ch/Atlas/GROUPS/PHYSICS/PAPERS/PERF-2013-01/.thumb_fig_01.png"
    },
    {
        "name": ".thumb_fig_02.png",
        "url": "http://atlas.web.cern.ch/Atlas/GROUPS/PHYSICS/PAPERS/PERF-2013-01/.thumb_fig_02.png"
    },
    {
        "name": ".thumb_fig_03.png",
        "url": "http://atlas.web.cern.ch/Atlas/GROUPS/PHYSICS/PAPERS/PERF-2013-01/.thumb_fig_03.png"
    },
    {
        "name": ".thumb_fig_04.png",
        "url": "http://atlas.web.cern.ch/Atlas/GROUPS/PHYSICS/PAPERS/PERF-2013-01/.thumb_fig_04.png"
    },
    {
        "name": ".thumb_fig_05.png",
        "url": "http://atlas.web.cern.ch/Atlas/GROUPS/PHYSICS/PAPERS/PERF-2013-01/.thumb_fig_05.png"
    },
    {
        "name": ".thumb_fig_06.png",
        "url": "http://atlas.web.cern.ch/Atlas/GROUPS/PHYSICS/PAPERS/PERF-2013-01/.thumb_fig_06.png"
    },
    {
        "name": ".thumb_fig_07.png",
        "url": "http://atlas.web.cern.ch/Atlas/GROUPS/PHYSICS/PAPERS/PERF-2013-01/.thumb_fig_07.png"
    },
    {
        "name": ".thumb_fig_08.png",
        "url": "http://atlas.web.cern.ch/Atlas/GROUPS/PHYSICS/PAPERS/PERF-2013-01/.thumb_fig_08.png"
    },
    {
        "name": ".thumb_fig_09.png",
        "url": "http://atlas.web.cern.ch/Atlas/GROUPS/PHYSICS/PAPERS/PERF-2013-01/.thumb_fig_09.png"
    },
    {
        "name": ".thumb_fig_10.png",
        "url": "http://atlas.web.cern.ch/Atlas/GROUPS/PHYSICS/PAPERS/PERF-2013-01/.thumb_fig_10.png"
    },
    {
        "name": ".thumb_fig_11.png",
        "url": "http://atlas.web.cern.ch/Atlas/GROUPS/PHYSICS/PAPERS/PERF-2013-01/.thumb_fig_11.png"
    },
    {
        "name": ".thumb_fig_12.png",
        "url": "http://atlas.web.cern.ch/Atlas/GROUPS/PHYSICS/PAPERS/PERF-2013-01/.thumb_fig_12.png"
    },
    {
        "name": ".thumb_fig_13.png",
        "url": "http://atlas.web.cern.ch/Atlas/GROUPS/PHYSICS/PAPERS/PERF-2013-01/.thumb_fig_13.png"
    },
    {
        "name": ".thumb_fig_14.png",
        "url": "http://atlas.web.cern.ch/Atlas/GROUPS/PHYSICS/PAPERS/PERF-2013-01/.thumb_fig_14.png"
    },
    {
        "name": ".thumb_fig_15.png",
        "url": "http://atlas.web.cern.ch/Atlas/GROUPS/PHYSICS/PAPERS/PERF-2013-01/.thumb_fig_15.png"
    },
    {
        "name": ".thumb_fig_16.png",
        "url": "http://atlas.web.cern.ch/Atlas/GROUPS/PHYSICS/PAPERS/PERF-2013-01/.thumb_fig_16.png"
    },
    {
        "name": ".thumb_fig_17.png",
        "url": "http://atlas.web.cern.ch/Atlas/GROUPS/PHYSICS/PAPERS/PERF-2013-01/.thumb_fig_17.png"
    },
    {
        "name": ".thumb_fig_18.png",
        "url": "http://atlas.web.cern.ch/Atlas/GROUPS/PHYSICS/PAPERS/PERF-2013-01/.thumb_fig_18.png"
    },
    {
        "name": ".thumb_fig_19.png",
        "url": "http://atlas.web.cern.ch/Atlas/GROUPS/PHYSICS/PAPERS/PERF-2013-01/.thumb_fig_19.png"
    },
    {
        "name": ".thumb_fig_20.png",
        "url": "http://atlas.web.cern.ch/Atlas/GROUPS/PHYSICS/PAPERS/PERF-2013-01/.thumb_fig_20.png"
    },
    {
        "name": ".thumb_fig_21.png",
        "url": "http://atlas.web.cern.ch/Atlas/GROUPS/PHYSICS/PAPERS/PERF-2013-01/.thumb_fig_21.png"
    },
    {
        "name": ".thumb_fig_22.png",
        "url": "http://atlas.web.cern.ch/Atlas/GROUPS/PHYSICS/PAPERS/PERF-2013-01/.thumb_fig_22.png"
    },
    {
        "name": ".thumb_fig_23.png",
        "url": "http://atlas.web.cern.ch/Atlas/GROUPS/PHYSICS/PAPERS/PERF-2013-01/.thumb_fig_23.png"
    },
    {
        "name": ".thumb_fig_24.png",
        "url": "http://atlas.web.cern.ch/Atlas/GROUPS/PHYSICS/PAPERS/PERF-2013-01/.thumb_fig_24.png"
    },
    {
        "name": ".thumb_fig_25.png",
        "url": "http://atlas.web.cern.ch/Atlas/GROUPS/PHYSICS/PAPERS/PERF-2013-01/.thumb_fig_25.png"
    },
    {
        "name": ".thumb_fig_26.png",
        "url": "http://atlas.web.cern.ch/Atlas/GROUPS/PHYSICS/PAPERS/PERF-2013-01/.thumb_fig_26.png"
    },
    {
        "name": ".thumb_fig_27.png",
        "url": "http://atlas.web.cern.ch/Atlas/GROUPS/PHYSICS/PAPERS/PERF-2013-01/.thumb_fig_27.png"
    },
    {
        "name": ".thumb_fig_28.png",
        "url": "http://atlas.web.cern.ch/Atlas/GROUPS/PHYSICS/PAPERS/PERF-2013-01/.thumb_fig_28.png"
    },
    {
        "name": ".thumb_fig_29.png",
        "url": "http://atlas.web.cern.ch/Atlas/GROUPS/PHYSICS/PAPERS/PERF-2013-01/.thumb_fig_29.png"
    },
    {
        "name": ".thumb_fig_30.png",
        "url": "http://atlas.web.cern.ch/Atlas/GROUPS/PHYSICS/PAPERS/PERF-2013-01/.thumb_fig_30.png"
    },
    {
        "name": ".thumb_fig_31.png",
        "url": "http://atlas.web.cern.ch/Atlas/GROUPS/PHYSICS/PAPERS/PERF-2013-01/.thumb_fig_31.png"
    }
]