[
    {
        "name": ".thumb_fig_001a.png",
        "url": "https://atlas.web.cern.ch/Atlas/GROUPS/PHYSICS/PAPERS/.thumb_fig_001a.png"
    },
    {
        "name": ".thumb_fig_001b.png",
        "url": "https://atlas.web.cern.ch/Atlas/GROUPS/PHYSICS/PAPERS/.thumb_fig_001b.png"
    },
    {
        "name": ".thumb_fig_001c.png",
        "url": "https://atlas.web.cern.ch/Atlas/GROUPS/PHYSICS/PAPERS/.thumb_fig_001c.png"
    },
    {
        "name": ".thumb_fig_001d.png",
        "url": "https://atlas.web.cern.ch/Atlas/GROUPS/PHYSICS/PAPERS/.thumb_fig_001d.png"
    },
    {
        "name": ".thumb_fig_002a.png",
        "url": "https://atlas.web.cern.ch/Atlas/GROUPS/PHYSICS/PAPERS/.thumb_fig_002a.png"
    },
    {
        "name": ".thumb_fig_002b.png",
        "url": "https://atlas.web.cern.ch/Atlas/GROUPS/PHYSICS/PAPERS/.thumb_fig_002b.png"
    },
    {
        "name": ".thumb_fig_003a.png",
        "url": "https://atlas.web.cern.ch/Atlas/GROUPS/PHYSICS/PAPERS/.thumb_fig_003a.png"
    },
    {
        "name": ".thumb_fig_003b.png",
        "url": "https://atlas.web.cern.ch/Atlas/GROUPS/PHYSICS/PAPERS/.thumb_fig_003b.png"
    },
    {
        "name": ".thumb_fig_004a.png",
        "url": "https://atlas.web.cern.ch/Atlas/GROUPS/PHYSICS/PAPERS/.thumb_fig_004a.png"
    },
    {
        "name": ".thumb_fig_004b.png",
        "url": "https://atlas.web.cern.ch/Atlas/GROUPS/PHYSICS/PAPERS/.thumb_fig_004b.png"
    },
    {
        "name": ".thumb_fig_004c.png",
        "url": "https://atlas.web.cern.ch/Atlas/GROUPS/PHYSICS/PAPERS/.thumb_fig_004c.png"
    },
    {
        "name": ".thumb_fig_004d.png",
        "url": "https://atlas.web.cern.ch/Atlas/GROUPS/PHYSICS/PAPERS/.thumb_fig_004d.png"
    },
    {
        "name": ".thumb_fig_005.png",
        "url": "https://atlas.web.cern.ch/Atlas/GROUPS/PHYSICS/PAPERS/.thumb_fig_005.png"
    },
    {
        "name": ".thumb_fig_006a.png",
        "url": "https://atlas.web.cern.ch/Atlas/GROUPS/PHYSICS/PAPERS/.thumb_fig_006a.png"
    },
    {
        "name": ".thumb_fig_006b.png",
        "url": "https://atlas.web.cern.ch/Atlas/GROUPS/PHYSICS/PAPERS/.thumb_fig_006b.png"
    },
    {
        "name": ".thumb_fig_006c.png",
        "url": "https://atlas.web.cern.ch/Atlas/GROUPS/PHYSICS/PAPERS/.thumb_fig_006c.png"
    },
    {
        "name": ".thumb_fig_006d.png",
        "url": "https://atlas.web.cern.ch/Atlas/GROUPS/PHYSICS/PAPERS/.thumb_fig_006d.png"
    },
    {
        "name": ".thumb_fig_007a.png",
        "url": "https://atlas.web.cern.ch/Atlas/GROUPS/PHYSICS/PAPERS/.thumb_fig_007a.png"
    },
    {
        "name": ".thumb_fig_007b.png",
        "url": "https://atlas.web.cern.ch/Atlas/GROUPS/PHYSICS/PAPERS/.thumb_fig_007b.png"
    },
    {
        "name": ".thumb_fig_007c.png",
        "url": "https://atlas.web.cern.ch/Atlas/GROUPS/PHYSICS/PAPERS/.thumb_fig_007c.png"
    },
    {
        "name": ".thumb_fig_008a.png",
        "url": "https://atlas.web.cern.ch/Atlas/GROUPS/PHYSICS/PAPERS/.thumb_fig_008a.png"
    },
    {
        "name": ".thumb_fig_008b.png",
        "url": "https://atlas.web.cern.ch/Atlas/GROUPS/PHYSICS/PAPERS/.thumb_fig_008b.png"
    },
    {
        "name": ".thumb_fig_008c.png",
        "url": "https://atlas.web.cern.ch/Atlas/GROUPS/PHYSICS/PAPERS/.thumb_fig_008c.png"
    },
    {
        "name": ".thumb_fig_008d.png",
        "url": "https://atlas.web.cern.ch/Atlas/GROUPS/PHYSICS/PAPERS/.thumb_fig_008d.png"
    },
    {
        "name": ".thumb_fig_009a.png",
        "url": "https://atlas.web.cern.ch/Atlas/GROUPS/PHYSICS/PAPERS/.thumb_fig_009a.png"
    },
    {
        "name": ".thumb_fig_009b.png",
        "url": "https://atlas.web.cern.ch/Atlas/GROUPS/PHYSICS/PAPERS/.thumb_fig_009b.png"
    },
    {
        "name": ".thumb_fig_009c.png",
        "url": "https://atlas.web.cern.ch/Atlas/GROUPS/PHYSICS/PAPERS/.thumb_fig_009c.png"
    },
    {
        "name": ".thumb_fig_010a.png",
        "url": "https://atlas.web.cern.ch/Atlas/GROUPS/PHYSICS/PAPERS/.thumb_fig_010a.png"
    },
    {
        "name": ".thumb_fig_010b.png",
        "url": "https://atlas.web.cern.ch/Atlas/GROUPS/PHYSICS/PAPERS/.thumb_fig_010b.png"
    },
    {
        "name": ".thumb_fig_010c.png",
        "url": "https://atlas.web.cern.ch/Atlas/GROUPS/PHYSICS/PAPERS/.thumb_fig_010c.png"
    },
    {
        "name": ".thumb_fig_011a.png",
        "url": "https://atlas.web.cern.ch/Atlas/GROUPS/PHYSICS/PAPERS/.thumb_fig_011a.png"
    },
    {
        "name": ".thumb_fig_011b.png",
        "url": "https://atlas.web.cern.ch/Atlas/GROUPS/PHYSICS/PAPERS/.thumb_fig_011b.png"
    },
    {
        "name": ".thumb_fig_012a.png",
        "url": "https://atlas.web.cern.ch/Atlas/GROUPS/PHYSICS/PAPERS/.thumb_fig_012a.png"
    },
    {
        "name": ".thumb_fig_012b.png",
        "url": "https://atlas.web.cern.ch/Atlas/GROUPS/PHYSICS/PAPERS/.thumb_fig_012b.png"
    },
    {
        "name": ".thumb_fig_012c.png",
        "url": "https://atlas.web.cern.ch/Atlas/GROUPS/PHYSICS/PAPERS/.thumb_fig_012c.png"
    },
    {
        "name": ".thumb_fig_013a.png",
        "url": "https://atlas.web.cern.ch/Atlas/GROUPS/PHYSICS/PAPERS/.thumb_fig_013a.png"
    },
    {
        "name": ".thumb_fig_013b.png",
        "url": "https://atlas.web.cern.ch/Atlas/GROUPS/PHYSICS/PAPERS/.thumb_fig_013b.png"
    },
    {
        "name": ".thumb_fig_013c.png",
        "url": "https://atlas.web.cern.ch/Atlas/GROUPS/PHYSICS/PAPERS/.thumb_fig_013c.png"
    },
    {
        "name": ".thumb_fig_013d.png",
        "url": "https://atlas.web.cern.ch/Atlas/GROUPS/PHYSICS/PAPERS/.thumb_fig_013d.png"
    },
    {
        "name": ".thumb_fig_014a.png",
        "url": "https://atlas.web.cern.ch/Atlas/GROUPS/PHYSICS/PAPERS/.thumb_fig_014a.png"
    },
    {
        "name": ".thumb_fig_014b.png",
        "url": "https://atlas.web.cern.ch/Atlas/GROUPS/PHYSICS/PAPERS/.thumb_fig_014b.png"
    },
    {
        "name": ".thumb_fig_014c.png",
        "url": "https://atlas.web.cern.ch/Atlas/GROUPS/PHYSICS/PAPERS/.thumb_fig_014c.png"
    },
    {
        "name": ".thumb_fig_015a.png",
        "url": "https://atlas.web.cern.ch/Atlas/GROUPS/PHYSICS/PAPERS/.thumb_fig_015a.png"
    },
    {
        "name": ".thumb_fig_015b.png",
        "url": "https://atlas.web.cern.ch/Atlas/GROUPS/PHYSICS/PAPERS/.thumb_fig_015b.png"
    },
    {
        "name": ".thumb_fig_015c.png",
        "url": "https://atlas.web.cern.ch/Atlas/GROUPS/PHYSICS/PAPERS/.thumb_fig_015c.png"
    },
    {
        "name": ".thumb_fig_016a.png",
        "url": "https://atlas.web.cern.ch/Atlas/GROUPS/PHYSICS/PAPERS/.thumb_fig_016a.png"
    },
    {
        "name": ".thumb_fig_016b.png",
        "url": "https://atlas.web.cern.ch/Atlas/GROUPS/PHYSICS/PAPERS/.thumb_fig_016b.png"
    },
    {
        "name": ".thumb_fig_016c.png",
        "url": "https://atlas.web.cern.ch/Atlas/GROUPS/PHYSICS/PAPERS/.thumb_fig_016c.png"
    },
    {
        "name": ".thumb_fig_017a.png",
        "url": "https://atlas.web.cern.ch/Atlas/GROUPS/PHYSICS/PAPERS/.thumb_fig_017a.png"
    },
    {
        "name": ".thumb_fig_017b.png",
        "url": "https://atlas.web.cern.ch/Atlas/GROUPS/PHYSICS/PAPERS/.thumb_fig_017b.png"
    },
    {
        "name": ".thumb_fig_018a.png",
        "url": "https://atlas.web.cern.ch/Atlas/GROUPS/PHYSICS/PAPERS/.thumb_fig_018a.png"
    },
    {
        "name": ".thumb_fig_018b.png",
        "url": "https://atlas.web.cern.ch/Atlas/GROUPS/PHYSICS/PAPERS/.thumb_fig_018b.png"
    },
    {
        "name": ".thumb_fig_018c.png",
        "url": "https://atlas.web.cern.ch/Atlas/GROUPS/PHYSICS/PAPERS/.thumb_fig_018c.png"
    },
    {
        "name": ".thumb_fig_019a.png",
        "url": "https://atlas.web.cern.ch/Atlas/GROUPS/PHYSICS/PAPERS/.thumb_fig_019a.png"
    },
    {
        "name": ".thumb_fig_019b.png",
        "url": "https://atlas.web.cern.ch/Atlas/GROUPS/PHYSICS/PAPERS/.thumb_fig_019b.png"
    },
    {
        "name": ".thumb_fig_019c.png",
        "url": "https://atlas.web.cern.ch/Atlas/GROUPS/PHYSICS/PAPERS/.thumb_fig_019c.png"
    },
    {
        "name": ".thumb_fig_020a.png",
        "url": "https://atlas.web.cern.ch/Atlas/GROUPS/PHYSICS/PAPERS/.thumb_fig_020a.png"
    },
    {
        "name": ".thumb_fig_020b.png",
        "url": "https://atlas.web.cern.ch/Atlas/GROUPS/PHYSICS/PAPERS/.thumb_fig_020b.png"
    },
    {
        "name": ".thumb_fig_020c.png",
        "url": "https://atlas.web.cern.ch/Atlas/GROUPS/PHYSICS/PAPERS/.thumb_fig_020c.png"
    },
    {
        "name": ".thumb_fig_021a.png",
        "url": "https://atlas.web.cern.ch/Atlas/GROUPS/PHYSICS/PAPERS/.thumb_fig_021a.png"
    },
    {
        "name": ".thumb_fig_021b.png",
        "url": "https://atlas.web.cern.ch/Atlas/GROUPS/PHYSICS/PAPERS/.thumb_fig_021b.png"
    },
    {
        "name": ".thumb_fig_021c.png",
        "url": "https://atlas.web.cern.ch/Atlas/GROUPS/PHYSICS/PAPERS/.thumb_fig_021c.png"
    },
    {
        "name": ".thumb_fig_022a.png",
        "url": "https://atlas.web.cern.ch/Atlas/GROUPS/PHYSICS/PAPERS/.thumb_fig_022a.png"
    },
    {
        "name": ".thumb_fig_022b.png",
        "url": "https://atlas.web.cern.ch/Atlas/GROUPS/PHYSICS/PAPERS/.thumb_fig_022b.png"
    },
    {
        "name": ".thumb_fig_023a.png",
        "url": "https://atlas.web.cern.ch/Atlas/GROUPS/PHYSICS/PAPERS/.thumb_fig_023a.png"
    },
    {
        "name": ".thumb_fig_023b.png",
        "url": "https://atlas.web.cern.ch/Atlas/GROUPS/PHYSICS/PAPERS/.thumb_fig_023b.png"
    },
    {
        "name": ".thumb_fig_024a.png",
        "url": "https://atlas.web.cern.ch/Atlas/GROUPS/PHYSICS/PAPERS/.thumb_fig_024a.png"
    },
    {
        "name": ".thumb_fig_024b.png",
        "url": "https://atlas.web.cern.ch/Atlas/GROUPS/PHYSICS/PAPERS/.thumb_fig_024b.png"
    },
    {
        "name": ".thumb_fig_025a.png",
        "url": "https://atlas.web.cern.ch/Atlas/GROUPS/PHYSICS/PAPERS/.thumb_fig_025a.png"
    },
    {
        "name": ".thumb_fig_025b.png",
        "url": "https://atlas.web.cern.ch/Atlas/GROUPS/PHYSICS/PAPERS/.thumb_fig_025b.png"
    },
    {
        "name": ".thumb_fig_025c.png",
        "url": "https://atlas.web.cern.ch/Atlas/GROUPS/PHYSICS/PAPERS/.thumb_fig_025c.png"
    },
    {
        "name": ".thumb_fig_025d.png",
        "url": "https://atlas.web.cern.ch/Atlas/GROUPS/PHYSICS/PAPERS/.thumb_fig_025d.png"
    },
    {
        "name": ".thumb_fig_026a.png",
        "url": "https://atlas.web.cern.ch/Atlas/GROUPS/PHYSICS/PAPERS/.thumb_fig_026a.png"
    },
    {
        "name": ".thumb_fig_026b.png",
        "url": "https://atlas.web.cern.ch/Atlas/GROUPS/PHYSICS/PAPERS/.thumb_fig_026b.png"
    },
    {
        "name": ".thumb_fig_027a.png",
        "url": "https://atlas.web.cern.ch/Atlas/GROUPS/PHYSICS/PAPERS/.thumb_fig_027a.png"
    },
    {
        "name": ".thumb_fig_027b.png",
        "url": "https://atlas.web.cern.ch/Atlas/GROUPS/PHYSICS/PAPERS/.thumb_fig_027b.png"
    },
    {
        "name": ".thumb_fig_028a.png",
        "url": "https://atlas.web.cern.ch/Atlas/GROUPS/PHYSICS/PAPERS/.thumb_fig_028a.png"
    },
    {
        "name": ".thumb_fig_028b.png",
        "url": "https://atlas.web.cern.ch/Atlas/GROUPS/PHYSICS/PAPERS/.thumb_fig_028b.png"
    },
    {
        "name": ".thumb_fig_029a.png",
        "url": "https://atlas.web.cern.ch/Atlas/GROUPS/PHYSICS/PAPERS/.thumb_fig_029a.png"
    },
    {
        "name": ".thumb_fig_029b.png",
        "url": "https://atlas.web.cern.ch/Atlas/GROUPS/PHYSICS/PAPERS/.thumb_fig_029b.png"
    },
    {
        "name": ".thumb_fig_030a.png",
        "url": "https://atlas.web.cern.ch/Atlas/GROUPS/PHYSICS/PAPERS/.thumb_fig_030a.png"
    },
    {
        "name": ".thumb_fig_030b.png",
        "url": "https://atlas.web.cern.ch/Atlas/GROUPS/PHYSICS/PAPERS/.thumb_fig_030b.png"
    },
    {
        "name": ".thumb_fig_031a.png",
        "url": "https://atlas.web.cern.ch/Atlas/GROUPS/PHYSICS/PAPERS/.thumb_fig_031a.png"
    },
    {
        "name": ".thumb_fig_031b.png",
        "url": "https://atlas.web.cern.ch/Atlas/GROUPS/PHYSICS/PAPERS/.thumb_fig_031b.png"
    },
    {
        "name": ".thumb_fig_032a.png",
        "url": "https://atlas.web.cern.ch/Atlas/GROUPS/PHYSICS/PAPERS/.thumb_fig_032a.png"
    },
    {
        "name": ".thumb_fig_032b.png",
        "url": "https://atlas.web.cern.ch/Atlas/GROUPS/PHYSICS/PAPERS/.thumb_fig_032b.png"
    },
    {
        "name": ".thumb_fig_033a.png",
        "url": "https://atlas.web.cern.ch/Atlas/GROUPS/PHYSICS/PAPERS/.thumb_fig_033a.png"
    },
    {
        "name": ".thumb_fig_033b.png",
        "url": "https://atlas.web.cern.ch/Atlas/GROUPS/PHYSICS/PAPERS/.thumb_fig_033b.png"
    },
    {
        "name": ".thumb_fig_034a.png",
        "url": "https://atlas.web.cern.ch/Atlas/GROUPS/PHYSICS/PAPERS/.thumb_fig_034a.png"
    },
    {
        "name": ".thumb_fig_034b.png",
        "url": "https://atlas.web.cern.ch/Atlas/GROUPS/PHYSICS/PAPERS/.thumb_fig_034b.png"
    },
    {
        "name": ".thumb_fig_035a.png",
        "url": "https://atlas.web.cern.ch/Atlas/GROUPS/PHYSICS/PAPERS/.thumb_fig_035a.png"
    },
    {
        "name": ".thumb_fig_035b.png",
        "url": "https://atlas.web.cern.ch/Atlas/GROUPS/PHYSICS/PAPERS/.thumb_fig_035b.png"
    },
    {
        "name": ".thumb_fig_036.png",
        "url": "https://atlas.web.cern.ch/Atlas/GROUPS/PHYSICS/PAPERS/.thumb_fig_036.png"
    },
    {
        "name": ".thumb_fig_037a.png",
        "url": "https://atlas.web.cern.ch/Atlas/GROUPS/PHYSICS/PAPERS/.thumb_fig_037a.png"
    },
    {
        "name": ".thumb_fig_037b.png",
        "url": "https://atlas.web.cern.ch/Atlas/GROUPS/PHYSICS/PAPERS/.thumb_fig_037b.png"
    },
    {
        "name": ".thumb_fig_038a.png",
        "url": "https://atlas.web.cern.ch/Atlas/GROUPS/PHYSICS/PAPERS/.thumb_fig_038a.png"
    },
    {
        "name": ".thumb_fig_038b.png",
        "url": "https://atlas.web.cern.ch/Atlas/GROUPS/PHYSICS/PAPERS/.thumb_fig_038b.png"
    },
    {
        "name": ".thumb_fig_039a.png",
        "url": "https://atlas.web.cern.ch/Atlas/GROUPS/PHYSICS/PAPERS/.thumb_fig_039a.png"
    },
    {
        "name": ".thumb_fig_039b.png",
        "url": "https://atlas.web.cern.ch/Atlas/GROUPS/PHYSICS/PAPERS/.thumb_fig_039b.png"
    },
    {
        "name": ".thumb_fig_040a.png",
        "url": "https://atlas.web.cern.ch/Atlas/GROUPS/PHYSICS/PAPERS/.thumb_fig_040a.png"
    },
    {
        "name": ".thumb_fig_040b.png",
        "url": "https://atlas.web.cern.ch/Atlas/GROUPS/PHYSICS/PAPERS/.thumb_fig_040b.png"
    },
    {
        "name": ".thumb_fig_041a.png",
        "url": "https://atlas.web.cern.ch/Atlas/GROUPS/PHYSICS/PAPERS/.thumb_fig_041a.png"
    },
    {
        "name": ".thumb_fig_041b.png",
        "url": "https://atlas.web.cern.ch/Atlas/GROUPS/PHYSICS/PAPERS/.thumb_fig_041b.png"
    },
    {
        "name": ".thumb_fig_041c.png",
        "url": "https://atlas.web.cern.ch/Atlas/GROUPS/PHYSICS/PAPERS/.thumb_fig_041c.png"
    },
    {
        "name": ".thumb_fig_042a.png",
        "url": "https://atlas.web.cern.ch/Atlas/GROUPS/PHYSICS/PAPERS/.thumb_fig_042a.png"
    },
    {
        "name": ".thumb_fig_042b.png",
        "url": "https://atlas.web.cern.ch/Atlas/GROUPS/PHYSICS/PAPERS/.thumb_fig_042b.png"
    },
    {
        "name": ".thumb_fig_043a.png",
        "url": "https://atlas.web.cern.ch/Atlas/GROUPS/PHYSICS/PAPERS/.thumb_fig_043a.png"
    },
    {
        "name": ".thumb_fig_043b.png",
        "url": "https://atlas.web.cern.ch/Atlas/GROUPS/PHYSICS/PAPERS/.thumb_fig_043b.png"
    },
    {
        "name": ".thumb_fig_044a.png",
        "url": "https://atlas.web.cern.ch/Atlas/GROUPS/PHYSICS/PAPERS/.thumb_fig_044a.png"
    },
    {
        "name": ".thumb_fig_044b.png",
        "url": "https://atlas.web.cern.ch/Atlas/GROUPS/PHYSICS/PAPERS/.thumb_fig_044b.png"
    },
    {
        "name": ".thumb_fig_045a.png",
        "url": "https://atlas.web.cern.ch/Atlas/GROUPS/PHYSICS/PAPERS/.thumb_fig_045a.png"
    },
    {
        "name": ".thumb_fig_045b.png",
        "url": "https://atlas.web.cern.ch/Atlas/GROUPS/PHYSICS/PAPERS/.thumb_fig_045b.png"
    },
    {
        "name": ".thumb_fig_046a.png",
        "url": "https://atlas.web.cern.ch/Atlas/GROUPS/PHYSICS/PAPERS/.thumb_fig_046a.png"
    },
    {
        "name": ".thumb_fig_046b.png",
        "url": "https://atlas.web.cern.ch/Atlas/GROUPS/PHYSICS/PAPERS/.thumb_fig_046b.png"
    },
    {
        "name": ".thumb_fig_047a.png",
        "url": "https://atlas.web.cern.ch/Atlas/GROUPS/PHYSICS/PAPERS/.thumb_fig_047a.png"
    },
    {
        "name": ".thumb_fig_047b.png",
        "url": "https://atlas.web.cern.ch/Atlas/GROUPS/PHYSICS/PAPERS/.thumb_fig_047b.png"
    },
    {
        "name": ".thumb_fig_048a.png",
        "url": "https://atlas.web.cern.ch/Atlas/GROUPS/PHYSICS/PAPERS/.thumb_fig_048a.png"
    },
    {
        "name": ".thumb_fig_048b.png",
        "url": "https://atlas.web.cern.ch/Atlas/GROUPS/PHYSICS/PAPERS/.thumb_fig_048b.png"
    },
    {
        "name": ".thumb_fig_049a.png",
        "url": "https://atlas.web.cern.ch/Atlas/GROUPS/PHYSICS/PAPERS/.thumb_fig_049a.png"
    },
    {
        "name": ".thumb_fig_049b.png",
        "url": "https://atlas.web.cern.ch/Atlas/GROUPS/PHYSICS/PAPERS/.thumb_fig_049b.png"
    },
    {
        "name": ".thumb_fig_050a.png",
        "url": "https://atlas.web.cern.ch/Atlas/GROUPS/PHYSICS/PAPERS/.thumb_fig_050a.png"
    },
    {
        "name": ".thumb_fig_050b.png",
        "url": "https://atlas.web.cern.ch/Atlas/GROUPS/PHYSICS/PAPERS/.thumb_fig_050b.png"
    },
    {
        "name": ".thumb_fig_051a.png",
        "url": "https://atlas.web.cern.ch/Atlas/GROUPS/PHYSICS/PAPERS/.thumb_fig_051a.png"
    },
    {
        "name": ".thumb_fig_051b.png",
        "url": "https://atlas.web.cern.ch/Atlas/GROUPS/PHYSICS/PAPERS/.thumb_fig_051b.png"
    },
    {
        "name": ".thumb_fig_052a.png",
        "url": "https://atlas.web.cern.ch/Atlas/GROUPS/PHYSICS/PAPERS/.thumb_fig_052a.png"
    },
    {
        "name": ".thumb_fig_052b.png",
        "url": "https://atlas.web.cern.ch/Atlas/GROUPS/PHYSICS/PAPERS/.thumb_fig_052b.png"
    },
    {
        "name": ".thumb_fig_053.png",
        "url": "https://atlas.web.cern.ch/Atlas/GROUPS/PHYSICS/PAPERS/.thumb_fig_053.png"
    },
    {
        "name": ".thumb_fig_054.png",
        "url": "https://atlas.web.cern.ch/Atlas/GROUPS/PHYSICS/PAPERS/.thumb_fig_054.png"
    },
    {
        "name": ".thumb_fig_055a.png",
        "url": "https://atlas.web.cern.ch/Atlas/GROUPS/PHYSICS/PAPERS/.thumb_fig_055a.png"
    },
    {
        "name": ".thumb_fig_055b.png",
        "url": "https://atlas.web.cern.ch/Atlas/GROUPS/PHYSICS/PAPERS/.thumb_fig_055b.png"
    },
    {
        "name": ".thumb_fig_056a.png",
        "url": "https://atlas.web.cern.ch/Atlas/GROUPS/PHYSICS/PAPERS/.thumb_fig_056a.png"
    },
    {
        "name": ".thumb_fig_056b.png",
        "url": "https://atlas.web.cern.ch/Atlas/GROUPS/PHYSICS/PAPERS/.thumb_fig_056b.png"
    },
    {
        "name": ".thumb_fig_056c.png",
        "url": "https://atlas.web.cern.ch/Atlas/GROUPS/PHYSICS/PAPERS/.thumb_fig_056c.png"
    },
    {
        "name": ".thumb_fig_057a.png",
        "url": "https://atlas.web.cern.ch/Atlas/GROUPS/PHYSICS/PAPERS/.thumb_fig_057a.png"
    },
    {
        "name": ".thumb_fig_057b.png",
        "url": "https://atlas.web.cern.ch/Atlas/GROUPS/PHYSICS/PAPERS/.thumb_fig_057b.png"
    },
    {
        "name": ".thumb_fig_057c.png",
        "url": "https://atlas.web.cern.ch/Atlas/GROUPS/PHYSICS/PAPERS/.thumb_fig_057c.png"
    },
    {
        "name": ".thumb_fig_058a.png",
        "url": "https://atlas.web.cern.ch/Atlas/GROUPS/PHYSICS/PAPERS/.thumb_fig_058a.png"
    },
    {
        "name": ".thumb_fig_058b.png",
        "url": "https://atlas.web.cern.ch/Atlas/GROUPS/PHYSICS/PAPERS/.thumb_fig_058b.png"
    },
    {
        "name": ".thumb_fig_059a.png",
        "url": "https://atlas.web.cern.ch/Atlas/GROUPS/PHYSICS/PAPERS/.thumb_fig_059a.png"
    },
    {
        "name": ".thumb_fig_059b.png",
        "url": "https://atlas.web.cern.ch/Atlas/GROUPS/PHYSICS/PAPERS/.thumb_fig_059b.png"
    },
    {
        "name": ".thumb_fig_060a.png",
        "url": "https://atlas.web.cern.ch/Atlas/GROUPS/PHYSICS/PAPERS/.thumb_fig_060a.png"
    },
    {
        "name": ".thumb_fig_060b.png",
        "url": "https://atlas.web.cern.ch/Atlas/GROUPS/PHYSICS/PAPERS/.thumb_fig_060b.png"
    },
    {
        "name": ".thumb_fig_061a.png",
        "url": "https://atlas.web.cern.ch/Atlas/GROUPS/PHYSICS/PAPERS/.thumb_fig_061a.png"
    },
    {
        "name": ".thumb_fig_061b.png",
        "url": "https://atlas.web.cern.ch/Atlas/GROUPS/PHYSICS/PAPERS/.thumb_fig_061b.png"
    },
    {
        "name": ".thumb_fig_062a.png",
        "url": "https://atlas.web.cern.ch/Atlas/GROUPS/PHYSICS/PAPERS/.thumb_fig_062a.png"
    },
    {
        "name": ".thumb_fig_062b.png",
        "url": "https://atlas.web.cern.ch/Atlas/GROUPS/PHYSICS/PAPERS/.thumb_fig_062b.png"
    },
    {
        "name": ".thumb_fig_063a.png",
        "url": "https://atlas.web.cern.ch/Atlas/GROUPS/PHYSICS/PAPERS/.thumb_fig_063a.png"
    },
    {
        "name": ".thumb_fig_063b.png",
        "url": "https://atlas.web.cern.ch/Atlas/GROUPS/PHYSICS/PAPERS/.thumb_fig_063b.png"
    },
    {
        "name": ".thumb_fig_064a.png",
        "url": "https://atlas.web.cern.ch/Atlas/GROUPS/PHYSICS/PAPERS/.thumb_fig_064a.png"
    },
    {
        "name": ".thumb_fig_064b.png",
        "url": "https://atlas.web.cern.ch/Atlas/GROUPS/PHYSICS/PAPERS/.thumb_fig_064b.png"
    },
    {
        "name": ".thumb_fig_065a.png",
        "url": "https://atlas.web.cern.ch/Atlas/GROUPS/PHYSICS/PAPERS/.thumb_fig_065a.png"
    },
    {
        "name": ".thumb_fig_065b.png",
        "url": "https://atlas.web.cern.ch/Atlas/GROUPS/PHYSICS/PAPERS/.thumb_fig_065b.png"
    },
    {
        "name": ".thumb_fig_065c.png",
        "url": "https://atlas.web.cern.ch/Atlas/GROUPS/PHYSICS/PAPERS/.thumb_fig_065c.png"
    },
    {
        "name": ".thumb_fig_066a.png",
        "url": "https://atlas.web.cern.ch/Atlas/GROUPS/PHYSICS/PAPERS/.thumb_fig_066a.png"
    },
    {
        "name": ".thumb_fig_066b.png",
        "url": "https://atlas.web.cern.ch/Atlas/GROUPS/PHYSICS/PAPERS/.thumb_fig_066b.png"
    },
    {
        "name": ".thumb_fig_067a.png",
        "url": "https://atlas.web.cern.ch/Atlas/GROUPS/PHYSICS/PAPERS/.thumb_fig_067a.png"
    },
    {
        "name": ".thumb_fig_067b.png",
        "url": "https://atlas.web.cern.ch/Atlas/GROUPS/PHYSICS/PAPERS/.thumb_fig_067b.png"
    },
    {
        "name": ".thumb_fig_068.png",
        "url": "https://atlas.web.cern.ch/Atlas/GROUPS/PHYSICS/PAPERS/.thumb_fig_068.png"
    },
    {
        "name": ".thumb_fig_069a.png",
        "url": "https://atlas.web.cern.ch/Atlas/GROUPS/PHYSICS/PAPERS/.thumb_fig_069a.png"
    },
    {
        "name": ".thumb_fig_069b.png",
        "url": "https://atlas.web.cern.ch/Atlas/GROUPS/PHYSICS/PAPERS/.thumb_fig_069b.png"
    },
    {
        "name": ".thumb_tab_001.png",
        "url": "https://atlas.web.cern.ch/Atlas/GROUPS/PHYSICS/PAPERS/.thumb_tab_001.png"
    },
    {
        "name": ".thumb_tab_002.png",
        "url": "https://atlas.web.cern.ch/Atlas/GROUPS/PHYSICS/PAPERS/.thumb_tab_002.png"
    },
    {
        "name": ".thumb_tab_003.png",
        "url": "https://atlas.web.cern.ch/Atlas/GROUPS/PHYSICS/PAPERS/.thumb_tab_003.png"
    },
    {
        "name": ".thumb_tab_004.png",
        "url": "https://atlas.web.cern.ch/Atlas/GROUPS/PHYSICS/PAPERS/.thumb_tab_004.png"
    },
    {
        "name": ".thumb_tab_005.png",
        "url": "https://atlas.web.cern.ch/Atlas/GROUPS/PHYSICS/PAPERS/.thumb_tab_005.png"
    },
    {
        "name": ".thumb_tab_006.png",
        "url": "https://atlas.web.cern.ch/Atlas/GROUPS/PHYSICS/PAPERS/.thumb_tab_006.png"
    },
    {
        "name": ".thumb_tab_007.png",
        "url": "https://atlas.web.cern.ch/Atlas/GROUPS/PHYSICS/PAPERS/.thumb_tab_007.png"
    },
    {
        "name": ".thumb_tab_008.png",
        "url": "https://atlas.web.cern.ch/Atlas/GROUPS/PHYSICS/PAPERS/.thumb_tab_008.png"
    },
    {
        "name": ".thumb_tab_009.png",
        "url": "https://atlas.web.cern.ch/Atlas/GROUPS/PHYSICS/PAPERS/.thumb_tab_009.png"
    },
    {
        "name": ".thumb_tab_010.png",
        "url": "https://atlas.web.cern.ch/Atlas/GROUPS/PHYSICS/PAPERS/.thumb_tab_010.png"
    },
    {
        "name": ".thumb_tab_011.png",
        "url": "https://atlas.web.cern.ch/Atlas/GROUPS/PHYSICS/PAPERS/.thumb_tab_011.png"
    },
    {
        "name": ".thumb_tab_012.png",
        "url": "https://atlas.web.cern.ch/Atlas/GROUPS/PHYSICS/PAPERS/.thumb_tab_012.png"
    },
    {
        "name": ".thumb_tab_013.png",
        "url": "https://atlas.web.cern.ch/Atlas/GROUPS/PHYSICS/PAPERS/.thumb_tab_013.png"
    },
    {
        "name": ".thumb_tab_014.png",
        "url": "https://atlas.web.cern.ch/Atlas/GROUPS/PHYSICS/PAPERS/.thumb_tab_014.png"
    },
    {
        "name": ".thumb_tab_015.png",
        "url": "https://atlas.web.cern.ch/Atlas/GROUPS/PHYSICS/PAPERS/.thumb_tab_015.png"
    },
    {
        "name": ".thumb_tab_016.png",
        "url": "https://atlas.web.cern.ch/Atlas/GROUPS/PHYSICS/PAPERS/.thumb_tab_016.png"
    },
    {
        "name": ".thumb_tab_017.png",
        "url": "https://atlas.web.cern.ch/Atlas/GROUPS/PHYSICS/PAPERS/.thumb_tab_017.png"
    },
    {
        "name": ".thumb_tab_018.png",
        "url": "https://atlas.web.cern.ch/Atlas/GROUPS/PHYSICS/PAPERS/.thumb_tab_018.png"
    },
    {
        "name": ".thumb_tab_019.png",
        "url": "https://atlas.web.cern.ch/Atlas/GROUPS/PHYSICS/PAPERS/.thumb_tab_019.png"
    },
    {
        "name": ".thumb_tab_020.png",
        "url": "https://atlas.web.cern.ch/Atlas/GROUPS/PHYSICS/PAPERS/.thumb_tab_020.png"
    },
    {
        "name": ".thumb_tab_021.png",
        "url": "https://atlas.web.cern.ch/Atlas/GROUPS/PHYSICS/PAPERS/.thumb_tab_021.png"
    },
    {
        "name": ".thumb_tab_022.png",
        "url": "https://atlas.web.cern.ch/Atlas/GROUPS/PHYSICS/PAPERS/.thumb_tab_022.png"
    },
    {
        "name": ".thumb_tab_023.png",
        "url": "https://atlas.web.cern.ch/Atlas/GROUPS/PHYSICS/PAPERS/.thumb_tab_023.png"
    },
    {
        "name": ".thumb_tab_024.png",
        "url": "https://atlas.web.cern.ch/Atlas/GROUPS/PHYSICS/PAPERS/.thumb_tab_024.png"
    },
    {
        "name": ".thumb_tab_025.png",
        "url": "https://atlas.web.cern.ch/Atlas/GROUPS/PHYSICS/PAPERS/.thumb_tab_025.png"
    },
    {
        "name": ".thumb_tab_026.png",
        "url": "https://atlas.web.cern.ch/Atlas/GROUPS/PHYSICS/PAPERS/.thumb_tab_026.png"
    },
    {
        "name": ".thumb_tab_027.png",
        "url": "https://atlas.web.cern.ch/Atlas/GROUPS/PHYSICS/PAPERS/.thumb_tab_027.png"
    },
    {
        "name": ".thumb_tab_028.png",
        "url": "https://atlas.web.cern.ch/Atlas/GROUPS/PHYSICS/PAPERS/.thumb_tab_028.png"
    },
    {
        "name": ".thumb_figaux_001a.png",
        "url": "https://atlas.web.cern.ch/Atlas/GROUPS/PHYSICS/PAPERS/.thumb_figaux_001a.png"
    },
    {
        "name": ".thumb_figaux_001b.png",
        "url": "https://atlas.web.cern.ch/Atlas/GROUPS/PHYSICS/PAPERS/.thumb_figaux_001b.png"
    },
    {
        "name": ".thumb_figaux_002a.png",
        "url": "https://atlas.web.cern.ch/Atlas/GROUPS/PHYSICS/PAPERS/.thumb_figaux_002a.png"
    },
    {
        "name": ".thumb_figaux_002b.png",
        "url": "https://atlas.web.cern.ch/Atlas/GROUPS/PHYSICS/PAPERS/.thumb_figaux_002b.png"
    },
    {
        "name": ".thumb_figaux_003a.png",
        "url": "https://atlas.web.cern.ch/Atlas/GROUPS/PHYSICS/PAPERS/.thumb_figaux_003a.png"
    },
    {
        "name": ".thumb_figaux_003b.png",
        "url": "https://atlas.web.cern.ch/Atlas/GROUPS/PHYSICS/PAPERS/.thumb_figaux_003b.png"
    },
    {
        "name": ".thumb_figaux_004a.png",
        "url": "https://atlas.web.cern.ch/Atlas/GROUPS/PHYSICS/PAPERS/.thumb_figaux_004a.png"
    },
    {
        "name": ".thumb_figaux_004b.png",
        "url": "https://atlas.web.cern.ch/Atlas/GROUPS/PHYSICS/PAPERS/.thumb_figaux_004b.png"
    },
    {
        "name": ".thumb_figaux_004c.png",
        "url": "https://atlas.web.cern.ch/Atlas/GROUPS/PHYSICS/PAPERS/.thumb_figaux_004c.png"
    },
    {
        "name": ".thumb_figaux_004d.png",
        "url": "https://atlas.web.cern.ch/Atlas/GROUPS/PHYSICS/PAPERS/.thumb_figaux_004d.png"
    },
    {
        "name": ".thumb_figaux_005a.png",
        "url": "https://atlas.web.cern.ch/Atlas/GROUPS/PHYSICS/PAPERS/.thumb_figaux_005a.png"
    },
    {
        "name": ".thumb_figaux_005b.png",
        "url": "https://atlas.web.cern.ch/Atlas/GROUPS/PHYSICS/PAPERS/.thumb_figaux_005b.png"
    },
    {
        "name": ".thumb_figaux_006a.png",
        "url": "https://atlas.web.cern.ch/Atlas/GROUPS/PHYSICS/PAPERS/.thumb_figaux_006a.png"
    },
    {
        "name": ".thumb_figaux_006b.png",
        "url": "https://atlas.web.cern.ch/Atlas/GROUPS/PHYSICS/PAPERS/.thumb_figaux_006b.png"
    },
    {
        "name": ".thumb_figaux_007a.png",
        "url": "https://atlas.web.cern.ch/Atlas/GROUPS/PHYSICS/PAPERS/.thumb_figaux_007a.png"
    },
    {
        "name": ".thumb_figaux_007b.png",
        "url": "https://atlas.web.cern.ch/Atlas/GROUPS/PHYSICS/PAPERS/.thumb_figaux_007b.png"
    },
    {
        "name": ".thumb_figaux_008a.png",
        "url": "https://atlas.web.cern.ch/Atlas/GROUPS/PHYSICS/PAPERS/.thumb_figaux_008a.png"
    },
    {
        "name": ".thumb_figaux_008b.png",
        "url": "https://atlas.web.cern.ch/Atlas/GROUPS/PHYSICS/PAPERS/.thumb_figaux_008b.png"
    },
    {
        "name": ".thumb_figaux_009a.png",
        "url": "https://atlas.web.cern.ch/Atlas/GROUPS/PHYSICS/PAPERS/.thumb_figaux_009a.png"
    },
    {
        "name": ".thumb_figaux_009b.png",
        "url": "https://atlas.web.cern.ch/Atlas/GROUPS/PHYSICS/PAPERS/.thumb_figaux_009b.png"
    },
    {
        "name": ".thumb_figaux_010a.png",
        "url": "https://atlas.web.cern.ch/Atlas/GROUPS/PHYSICS/PAPERS/.thumb_figaux_010a.png"
    },
    {
        "name": ".thumb_figaux_010b.png",
        "url": "https://atlas.web.cern.ch/Atlas/GROUPS/PHYSICS/PAPERS/.thumb_figaux_010b.png"
    },
    {
        "name": ".thumb_figaux_011a.png",
        "url": "https://atlas.web.cern.ch/Atlas/GROUPS/PHYSICS/PAPERS/.thumb_figaux_011a.png"
    },
    {
        "name": ".thumb_figaux_011b.png",
        "url": "https://atlas.web.cern.ch/Atlas/GROUPS/PHYSICS/PAPERS/.thumb_figaux_011b.png"
    },
    {
        "name": ".thumb_figaux_012a.png",
        "url": "https://atlas.web.cern.ch/Atlas/GROUPS/PHYSICS/PAPERS/.thumb_figaux_012a.png"
    },
    {
        "name": ".thumb_figaux_012b.png",
        "url": "https://atlas.web.cern.ch/Atlas/GROUPS/PHYSICS/PAPERS/.thumb_figaux_012b.png"
    },
    {
        "name": ".thumb_figaux_013a.png",
        "url": "https://atlas.web.cern.ch/Atlas/GROUPS/PHYSICS/PAPERS/.thumb_figaux_013a.png"
    },
    {
        "name": ".thumb_figaux_013b.png",
        "url": "https://atlas.web.cern.ch/Atlas/GROUPS/PHYSICS/PAPERS/.thumb_figaux_013b.png"
    },
    {
        "name": ".thumb_figaux_014a.png",
        "url": "https://atlas.web.cern.ch/Atlas/GROUPS/PHYSICS/PAPERS/.thumb_figaux_014a.png"
    },
    {
        "name": ".thumb_figaux_014b.png",
        "url": "https://atlas.web.cern.ch/Atlas/GROUPS/PHYSICS/PAPERS/.thumb_figaux_014b.png"
    },
    {
        "name": ".thumb_figaux_015a.png",
        "url": "https://atlas.web.cern.ch/Atlas/GROUPS/PHYSICS/PAPERS/.thumb_figaux_015a.png"
    },
    {
        "name": ".thumb_figaux_015b.png",
        "url": "https://atlas.web.cern.ch/Atlas/GROUPS/PHYSICS/PAPERS/.thumb_figaux_015b.png"
    },
    {
        "name": ".thumb_figaux_016a.png",
        "url": "https://atlas.web.cern.ch/Atlas/GROUPS/PHYSICS/PAPERS/.thumb_figaux_016a.png"
    },
    {
        "name": ".thumb_figaux_016b.png",
        "url": "https://atlas.web.cern.ch/Atlas/GROUPS/PHYSICS/PAPERS/.thumb_figaux_016b.png"
    },
    {
        "name": ".thumb_figaux_016c.png",
        "url": "https://atlas.web.cern.ch/Atlas/GROUPS/PHYSICS/PAPERS/.thumb_figaux_016c.png"
    },
    {
        "name": ".thumb_figaux_017a.png",
        "url": "https://atlas.web.cern.ch/Atlas/GROUPS/PHYSICS/PAPERS/.thumb_figaux_017a.png"
    },
    {
        "name": ".thumb_figaux_017b.png",
        "url": "https://atlas.web.cern.ch/Atlas/GROUPS/PHYSICS/PAPERS/.thumb_figaux_017b.png"
    },
    {
        "name": ".thumb_figaux_018a.png",
        "url": "https://atlas.web.cern.ch/Atlas/GROUPS/PHYSICS/PAPERS/.thumb_figaux_018a.png"
    },
    {
        "name": ".thumb_figaux_018b.png",
        "url": "https://atlas.web.cern.ch/Atlas/GROUPS/PHYSICS/PAPERS/.thumb_figaux_018b.png"
    },
    {
        "name": ".thumb_figaux_019a.png",
        "url": "https://atlas.web.cern.ch/Atlas/GROUPS/PHYSICS/PAPERS/.thumb_figaux_019a.png"
    },
    {
        "name": ".thumb_figaux_019b.png",
        "url": "https://atlas.web.cern.ch/Atlas/GROUPS/PHYSICS/PAPERS/.thumb_figaux_019b.png"
    },
    {
        "name": ".thumb_figaux_020a.png",
        "url": "https://atlas.web.cern.ch/Atlas/GROUPS/PHYSICS/PAPERS/.thumb_figaux_020a.png"
    },
    {
        "name": ".thumb_figaux_020b.png",
        "url": "https://atlas.web.cern.ch/Atlas/GROUPS/PHYSICS/PAPERS/.thumb_figaux_020b.png"
    },
    {
        "name": ".thumb_figaux_021a.png",
        "url": "https://atlas.web.cern.ch/Atlas/GROUPS/PHYSICS/PAPERS/.thumb_figaux_021a.png"
    },
    {
        "name": ".thumb_figaux_021b.png",
        "url": "https://atlas.web.cern.ch/Atlas/GROUPS/PHYSICS/PAPERS/.thumb_figaux_021b.png"
    },
    {
        "name": ".thumb_figaux_022a.png",
        "url": "https://atlas.web.cern.ch/Atlas/GROUPS/PHYSICS/PAPERS/.thumb_figaux_022a.png"
    },
    {
        "name": ".thumb_figaux_022b.png",
        "url": "https://atlas.web.cern.ch/Atlas/GROUPS/PHYSICS/PAPERS/.thumb_figaux_022b.png"
    },
    {
        "name": ".thumb_figaux_023a.png",
        "url": "https://atlas.web.cern.ch/Atlas/GROUPS/PHYSICS/PAPERS/.thumb_figaux_023a.png"
    },
    {
        "name": ".thumb_figaux_023b.png",
        "url": "https://atlas.web.cern.ch/Atlas/GROUPS/PHYSICS/PAPERS/.thumb_figaux_023b.png"
    },
    {
        "name": ".thumb_figaux_024a.png",
        "url": "https://atlas.web.cern.ch/Atlas/GROUPS/PHYSICS/PAPERS/.thumb_figaux_024a.png"
    },
    {
        "name": ".thumb_figaux_024b.png",
        "url": "https://atlas.web.cern.ch/Atlas/GROUPS/PHYSICS/PAPERS/.thumb_figaux_024b.png"
    },
    {
        "name": ".thumb_figaux_025a.png",
        "url": "https://atlas.web.cern.ch/Atlas/GROUPS/PHYSICS/PAPERS/.thumb_figaux_025a.png"
    },
    {
        "name": ".thumb_figaux_025b.png",
        "url": "https://atlas.web.cern.ch/Atlas/GROUPS/PHYSICS/PAPERS/.thumb_figaux_025b.png"
    },
    {
        "name": ".thumb_figaux_026a.png",
        "url": "https://atlas.web.cern.ch/Atlas/GROUPS/PHYSICS/PAPERS/.thumb_figaux_026a.png"
    },
    {
        "name": ".thumb_figaux_026b.png",
        "url": "https://atlas.web.cern.ch/Atlas/GROUPS/PHYSICS/PAPERS/.thumb_figaux_026b.png"
    },
    {
        "name": ".thumb_figaux_027a.png",
        "url": "https://atlas.web.cern.ch/Atlas/GROUPS/PHYSICS/PAPERS/.thumb_figaux_027a.png"
    },
    {
        "name": ".thumb_figaux_027b.png",
        "url": "https://atlas.web.cern.ch/Atlas/GROUPS/PHYSICS/PAPERS/.thumb_figaux_027b.png"
    },
    {
        "name": ".thumb_figaux_028a.png",
        "url": "https://atlas.web.cern.ch/Atlas/GROUPS/PHYSICS/PAPERS/.thumb_figaux_028a.png"
    },
    {
        "name": ".thumb_figaux_028b.png",
        "url": "https://atlas.web.cern.ch/Atlas/GROUPS/PHYSICS/PAPERS/.thumb_figaux_028b.png"
    },
    {
        "name": ".thumb_figaux_029a.png",
        "url": "https://atlas.web.cern.ch/Atlas/GROUPS/PHYSICS/PAPERS/.thumb_figaux_029a.png"
    },
    {
        "name": ".thumb_figaux_029b.png",
        "url": "https://atlas.web.cern.ch/Atlas/GROUPS/PHYSICS/PAPERS/.thumb_figaux_029b.png"
    },
    {
        "name": ".thumb_figaux_029c.png",
        "url": "https://atlas.web.cern.ch/Atlas/GROUPS/PHYSICS/PAPERS/.thumb_figaux_029c.png"
    },
    {
        "name": ".thumb_figaux_030a.png",
        "url": "https://atlas.web.cern.ch/Atlas/GROUPS/PHYSICS/PAPERS/.thumb_figaux_030a.png"
    },
    {
        "name": ".thumb_figaux_030b.png",
        "url": "https://atlas.web.cern.ch/Atlas/GROUPS/PHYSICS/PAPERS/.thumb_figaux_030b.png"
    },
    {
        "name": ".thumb_figaux_030c.png",
        "url": "https://atlas.web.cern.ch/Atlas/GROUPS/PHYSICS/PAPERS/.thumb_figaux_030c.png"
    },
    {
        "name": ".thumb_figaux_031a.png",
        "url": "https://atlas.web.cern.ch/Atlas/GROUPS/PHYSICS/PAPERS/.thumb_figaux_031a.png"
    },
    {
        "name": ".thumb_figaux_031b.png",
        "url": "https://atlas.web.cern.ch/Atlas/GROUPS/PHYSICS/PAPERS/.thumb_figaux_031b.png"
    },
    {
        "name": ".thumb_figaux_032a.png",
        "url": "https://atlas.web.cern.ch/Atlas/GROUPS/PHYSICS/PAPERS/.thumb_figaux_032a.png"
    },
    {
        "name": ".thumb_figaux_032b.png",
        "url": "https://atlas.web.cern.ch/Atlas/GROUPS/PHYSICS/PAPERS/.thumb_figaux_032b.png"
    },
    {
        "name": ".thumb_figaux_033a.png",
        "url": "https://atlas.web.cern.ch/Atlas/GROUPS/PHYSICS/PAPERS/.thumb_figaux_033a.png"
    },
    {
        "name": ".thumb_figaux_033b.png",
        "url": "https://atlas.web.cern.ch/Atlas/GROUPS/PHYSICS/PAPERS/.thumb_figaux_033b.png"
    },
    {
        "name": ".thumb_figaux_034a.png",
        "url": "https://atlas.web.cern.ch/Atlas/GROUPS/PHYSICS/PAPERS/.thumb_figaux_034a.png"
    },
    {
        "name": ".thumb_figaux_034b.png",
        "url": "https://atlas.web.cern.ch/Atlas/GROUPS/PHYSICS/PAPERS/.thumb_figaux_034b.png"
    },
    {
        "name": ".thumb_figaux_035a.png",
        "url": "https://atlas.web.cern.ch/Atlas/GROUPS/PHYSICS/PAPERS/.thumb_figaux_035a.png"
    },
    {
        "name": ".thumb_figaux_035b.png",
        "url": "https://atlas.web.cern.ch/Atlas/GROUPS/PHYSICS/PAPERS/.thumb_figaux_035b.png"
    },
    {
        "name": ".thumb_figaux_036a.png",
        "url": "https://atlas.web.cern.ch/Atlas/GROUPS/PHYSICS/PAPERS/.thumb_figaux_036a.png"
    },
    {
        "name": ".thumb_figaux_036b.png",
        "url": "https://atlas.web.cern.ch/Atlas/GROUPS/PHYSICS/PAPERS/.thumb_figaux_036b.png"
    },
    {
        "name": ".thumb_figaux_037a.png",
        "url": "https://atlas.web.cern.ch/Atlas/GROUPS/PHYSICS/PAPERS/.thumb_figaux_037a.png"
    },
    {
        "name": ".thumb_figaux_037b.png",
        "url": "https://atlas.web.cern.ch/Atlas/GROUPS/PHYSICS/PAPERS/.thumb_figaux_037b.png"
    },
    {
        "name": ".thumb_figaux_038a.png",
        "url": "https://atlas.web.cern.ch/Atlas/GROUPS/PHYSICS/PAPERS/.thumb_figaux_038a.png"
    },
    {
        "name": ".thumb_figaux_038b.png",
        "url": "https://atlas.web.cern.ch/Atlas/GROUPS/PHYSICS/PAPERS/.thumb_figaux_038b.png"
    },
    {
        "name": ".thumb_figaux_039a.png",
        "url": "https://atlas.web.cern.ch/Atlas/GROUPS/PHYSICS/PAPERS/.thumb_figaux_039a.png"
    },
    {
        "name": ".thumb_figaux_039b.png",
        "url": "https://atlas.web.cern.ch/Atlas/GROUPS/PHYSICS/PAPERS/.thumb_figaux_039b.png"
    },
    {
        "name": ".thumb_figaux_040a.png",
        "url": "https://atlas.web.cern.ch/Atlas/GROUPS/PHYSICS/PAPERS/.thumb_figaux_040a.png"
    },
    {
        "name": ".thumb_figaux_040b.png",
        "url": "https://atlas.web.cern.ch/Atlas/GROUPS/PHYSICS/PAPERS/.thumb_figaux_040b.png"
    },
    {
        "name": ".thumb_figaux_040c.png",
        "url": "https://atlas.web.cern.ch/Atlas/GROUPS/PHYSICS/PAPERS/.thumb_figaux_040c.png"
    },
    {
        "name": ".thumb_figaux_041a.png",
        "url": "https://atlas.web.cern.ch/Atlas/GROUPS/PHYSICS/PAPERS/.thumb_figaux_041a.png"
    },
    {
        "name": ".thumb_figaux_041b.png",
        "url": "https://atlas.web.cern.ch/Atlas/GROUPS/PHYSICS/PAPERS/.thumb_figaux_041b.png"
    },
    {
        "name": ".thumb_figaux_041c.png",
        "url": "https://atlas.web.cern.ch/Atlas/GROUPS/PHYSICS/PAPERS/.thumb_figaux_041c.png"
    },
    {
        "name": ".thumb_figaux_042a.png",
        "url": "https://atlas.web.cern.ch/Atlas/GROUPS/PHYSICS/PAPERS/.thumb_figaux_042a.png"
    },
    {
        "name": ".thumb_figaux_042b.png",
        "url": "https://atlas.web.cern.ch/Atlas/GROUPS/PHYSICS/PAPERS/.thumb_figaux_042b.png"
    },
    {
        "name": ".thumb_figaux_043a.png",
        "url": "https://atlas.web.cern.ch/Atlas/GROUPS/PHYSICS/PAPERS/.thumb_figaux_043a.png"
    },
    {
        "name": ".thumb_figaux_043b.png",
        "url": "https://atlas.web.cern.ch/Atlas/GROUPS/PHYSICS/PAPERS/.thumb_figaux_043b.png"
    },
    {
        "name": ".thumb_figaux_044a.png",
        "url": "https://atlas.web.cern.ch/Atlas/GROUPS/PHYSICS/PAPERS/.thumb_figaux_044a.png"
    },
    {
        "name": ".thumb_figaux_044b.png",
        "url": "https://atlas.web.cern.ch/Atlas/GROUPS/PHYSICS/PAPERS/.thumb_figaux_044b.png"
    },
    {
        "name": ".thumb_figaux_045a.png",
        "url": "https://atlas.web.cern.ch/Atlas/GROUPS/PHYSICS/PAPERS/.thumb_figaux_045a.png"
    },
    {
        "name": ".thumb_figaux_045b.png",
        "url": "https://atlas.web.cern.ch/Atlas/GROUPS/PHYSICS/PAPERS/.thumb_figaux_045b.png"
    },
    {
        "name": ".thumb_figaux_046a.png",
        "url": "https://atlas.web.cern.ch/Atlas/GROUPS/PHYSICS/PAPERS/.thumb_figaux_046a.png"
    },
    {
        "name": ".thumb_figaux_046b.png",
        "url": "https://atlas.web.cern.ch/Atlas/GROUPS/PHYSICS/PAPERS/.thumb_figaux_046b.png"
    },
    {
        "name": ".thumb_figaux_047a.png",
        "url": "https://atlas.web.cern.ch/Atlas/GROUPS/PHYSICS/PAPERS/.thumb_figaux_047a.png"
    },
    {
        "name": ".thumb_figaux_047b.png",
        "url": "https://atlas.web.cern.ch/Atlas/GROUPS/PHYSICS/PAPERS/.thumb_figaux_047b.png"
    },
    {
        "name": ".thumb_figaux_048a.png",
        "url": "https://atlas.web.cern.ch/Atlas/GROUPS/PHYSICS/PAPERS/.thumb_figaux_048a.png"
    },
    {
        "name": ".thumb_figaux_048b.png",
        "url": "https://atlas.web.cern.ch/Atlas/GROUPS/PHYSICS/PAPERS/.thumb_figaux_048b.png"
    },
    {
        "name": ".thumb_figaux_049a.png",
        "url": "https://atlas.web.cern.ch/Atlas/GROUPS/PHYSICS/PAPERS/.thumb_figaux_049a.png"
    },
    {
        "name": ".thumb_figaux_049b.png",
        "url": "https://atlas.web.cern.ch/Atlas/GROUPS/PHYSICS/PAPERS/.thumb_figaux_049b.png"
    },
    {
        "name": ".thumb_figaux_049c.png",
        "url": "https://atlas.web.cern.ch/Atlas/GROUPS/PHYSICS/PAPERS/.thumb_figaux_049c.png"
    },
    {
        "name": ".thumb_figaux_050a.png",
        "url": "https://atlas.web.cern.ch/Atlas/GROUPS/PHYSICS/PAPERS/.thumb_figaux_050a.png"
    },
    {
        "name": ".thumb_figaux_050b.png",
        "url": "https://atlas.web.cern.ch/Atlas/GROUPS/PHYSICS/PAPERS/.thumb_figaux_050b.png"
    },
    {
        "name": ".thumb_figaux_050c.png",
        "url": "https://atlas.web.cern.ch/Atlas/GROUPS/PHYSICS/PAPERS/.thumb_figaux_050c.png"
    },
    {
        "name": ".thumb_figaux_051a.png",
        "url": "https://atlas.web.cern.ch/Atlas/GROUPS/PHYSICS/PAPERS/.thumb_figaux_051a.png"
    },
    {
        "name": ".thumb_figaux_051b.png",
        "url": "https://atlas.web.cern.ch/Atlas/GROUPS/PHYSICS/PAPERS/.thumb_figaux_051b.png"
    },
    {
        "name": ".thumb_figaux_052a.png",
        "url": "https://atlas.web.cern.ch/Atlas/GROUPS/PHYSICS/PAPERS/.thumb_figaux_052a.png"
    },
    {
        "name": ".thumb_figaux_052b.png",
        "url": "https://atlas.web.cern.ch/Atlas/GROUPS/PHYSICS/PAPERS/.thumb_figaux_052b.png"
    },
    {
        "name": ".thumb_figaux_053a.png",
        "url": "https://atlas.web.cern.ch/Atlas/GROUPS/PHYSICS/PAPERS/.thumb_figaux_053a.png"
    },
    {
        "name": ".thumb_figaux_053b.png",
        "url": "https://atlas.web.cern.ch/Atlas/GROUPS/PHYSICS/PAPERS/.thumb_figaux_053b.png"
    },
    {
        "name": ".thumb_figaux_054a.png",
        "url": "https://atlas.web.cern.ch/Atlas/GROUPS/PHYSICS/PAPERS/.thumb_figaux_054a.png"
    },
    {
        "name": ".thumb_figaux_054b.png",
        "url": "https://atlas.web.cern.ch/Atlas/GROUPS/PHYSICS/PAPERS/.thumb_figaux_054b.png"
    },
    {
        "name": ".thumb_figaux_055a.png",
        "url": "https://atlas.web.cern.ch/Atlas/GROUPS/PHYSICS/PAPERS/.thumb_figaux_055a.png"
    },
    {
        "name": ".thumb_figaux_055b.png",
        "url": "https://atlas.web.cern.ch/Atlas/GROUPS/PHYSICS/PAPERS/.thumb_figaux_055b.png"
    },
    {
        "name": ".thumb_figaux_056a.png",
        "url": "https://atlas.web.cern.ch/Atlas/GROUPS/PHYSICS/PAPERS/.thumb_figaux_056a.png"
    },
    {
        "name": ".thumb_figaux_056b.png",
        "url": "https://atlas.web.cern.ch/Atlas/GROUPS/PHYSICS/PAPERS/.thumb_figaux_056b.png"
    },
    {
        "name": ".thumb_figaux_057.png",
        "url": "https://atlas.web.cern.ch/Atlas/GROUPS/PHYSICS/PAPERS/.thumb_figaux_057.png"
    },
    {
        "name": ".thumb_figaux_058a.png",
        "url": "https://atlas.web.cern.ch/Atlas/GROUPS/PHYSICS/PAPERS/.thumb_figaux_058a.png"
    },
    {
        "name": ".thumb_figaux_058b.png",
        "url": "https://atlas.web.cern.ch/Atlas/GROUPS/PHYSICS/PAPERS/.thumb_figaux_058b.png"
    },
    {
        "name": ".thumb_figaux_059.png",
        "url": "https://atlas.web.cern.ch/Atlas/GROUPS/PHYSICS/PAPERS/.thumb_figaux_059.png"
    },
    {
        "name": ".thumb_figaux_060a.png",
        "url": "https://atlas.web.cern.ch/Atlas/GROUPS/PHYSICS/PAPERS/.thumb_figaux_060a.png"
    },
    {
        "name": ".thumb_figaux_060b.png",
        "url": "https://atlas.web.cern.ch/Atlas/GROUPS/PHYSICS/PAPERS/.thumb_figaux_060b.png"
    },
    {
        "name": ".thumb_figaux_061.png",
        "url": "https://atlas.web.cern.ch/Atlas/GROUPS/PHYSICS/PAPERS/.thumb_figaux_061.png"
    },
    {
        "name": ".thumb_figaux_062a.png",
        "url": "https://atlas.web.cern.ch/Atlas/GROUPS/PHYSICS/PAPERS/.thumb_figaux_062a.png"
    },
    {
        "name": ".thumb_figaux_062b.png",
        "url": "https://atlas.web.cern.ch/Atlas/GROUPS/PHYSICS/PAPERS/.thumb_figaux_062b.png"
    },
    {
        "name": ".thumb_figaux_062c.png",
        "url": "https://atlas.web.cern.ch/Atlas/GROUPS/PHYSICS/PAPERS/.thumb_figaux_062c.png"
    },
    {
        "name": ".thumb_figaux_063a.png",
        "url": "https://atlas.web.cern.ch/Atlas/GROUPS/PHYSICS/PAPERS/.thumb_figaux_063a.png"
    },
    {
        "name": ".thumb_figaux_063b.png",
        "url": "https://atlas.web.cern.ch/Atlas/GROUPS/PHYSICS/PAPERS/.thumb_figaux_063b.png"
    },
    {
        "name": ".thumb_figaux_064a.png",
        "url": "https://atlas.web.cern.ch/Atlas/GROUPS/PHYSICS/PAPERS/.thumb_figaux_064a.png"
    },
    {
        "name": ".thumb_figaux_064b.png",
        "url": "https://atlas.web.cern.ch/Atlas/GROUPS/PHYSICS/PAPERS/.thumb_figaux_064b.png"
    },
    {
        "name": ".thumb_figaux_065a.png",
        "url": "https://atlas.web.cern.ch/Atlas/GROUPS/PHYSICS/PAPERS/.thumb_figaux_065a.png"
    },
    {
        "name": ".thumb_figaux_065b.png",
        "url": "https://atlas.web.cern.ch/Atlas/GROUPS/PHYSICS/PAPERS/.thumb_figaux_065b.png"
    },
    {
        "name": ".thumb_figaux_066a.png",
        "url": "https://atlas.web.cern.ch/Atlas/GROUPS/PHYSICS/PAPERS/.thumb_figaux_066a.png"
    },
    {
        "name": ".thumb_figaux_066b.png",
        "url": "https://atlas.web.cern.ch/Atlas/GROUPS/PHYSICS/PAPERS/.thumb_figaux_066b.png"
    },
    {
        "name": ".thumb_figaux_067a.png",
        "url": "https://atlas.web.cern.ch/Atlas/GROUPS/PHYSICS/PAPERS/.thumb_figaux_067a.png"
    },
    {
        "name": ".thumb_figaux_067b.png",
        "url": "https://atlas.web.cern.ch/Atlas/GROUPS/PHYSICS/PAPERS/.thumb_figaux_067b.png"
    },
    {
        "name": ".thumb_figaux_068a.png",
        "url": "https://atlas.web.cern.ch/Atlas/GROUPS/PHYSICS/PAPERS/.thumb_figaux_068a.png"
    },
    {
        "name": ".thumb_figaux_068b.png",
        "url": "https://atlas.web.cern.ch/Atlas/GROUPS/PHYSICS/PAPERS/.thumb_figaux_068b.png"
    },
    {
        "name": ".thumb_figaux_069a.png",
        "url": "https://atlas.web.cern.ch/Atlas/GROUPS/PHYSICS/PAPERS/.thumb_figaux_069a.png"
    },
    {
        "name": ".thumb_figaux_069b.png",
        "url": "https://atlas.web.cern.ch/Atlas/GROUPS/PHYSICS/PAPERS/.thumb_figaux_069b.png"
    },
    {
        "name": ".thumb_figaux_069c.png",
        "url": "https://atlas.web.cern.ch/Atlas/GROUPS/PHYSICS/PAPERS/.thumb_figaux_069c.png"
    },
    {
        "name": ".thumb_figaux_070a.png",
        "url": "https://atlas.web.cern.ch/Atlas/GROUPS/PHYSICS/PAPERS/.thumb_figaux_070a.png"
    },
    {
        "name": ".thumb_figaux_070b.png",
        "url": "https://atlas.web.cern.ch/Atlas/GROUPS/PHYSICS/PAPERS/.thumb_figaux_070b.png"
    },
    {
        "name": ".thumb_figaux_071a.png",
        "url": "https://atlas.web.cern.ch/Atlas/GROUPS/PHYSICS/PAPERS/.thumb_figaux_071a.png"
    },
    {
        "name": ".thumb_figaux_071b.png",
        "url": "https://atlas.web.cern.ch/Atlas/GROUPS/PHYSICS/PAPERS/.thumb_figaux_071b.png"
    },
    {
        "name": ".thumb_figaux_072a.png",
        "url": "https://atlas.web.cern.ch/Atlas/GROUPS/PHYSICS/PAPERS/.thumb_figaux_072a.png"
    },
    {
        "name": ".thumb_figaux_072b.png",
        "url": "https://atlas.web.cern.ch/Atlas/GROUPS/PHYSICS/PAPERS/.thumb_figaux_072b.png"
    },
    {
        "name": ".thumb_figaux_073a.png",
        "url": "https://atlas.web.cern.ch/Atlas/GROUPS/PHYSICS/PAPERS/.thumb_figaux_073a.png"
    },
    {
        "name": ".thumb_figaux_073b.png",
        "url": "https://atlas.web.cern.ch/Atlas/GROUPS/PHYSICS/PAPERS/.thumb_figaux_073b.png"
    },
    {
        "name": ".thumb_figaux_074a.png",
        "url": "https://atlas.web.cern.ch/Atlas/GROUPS/PHYSICS/PAPERS/.thumb_figaux_074a.png"
    },
    {
        "name": ".thumb_figaux_074b.png",
        "url": "https://atlas.web.cern.ch/Atlas/GROUPS/PHYSICS/PAPERS/.thumb_figaux_074b.png"
    },
    {
        "name": ".thumb_figaux_075a.png",
        "url": "https://atlas.web.cern.ch/Atlas/GROUPS/PHYSICS/PAPERS/.thumb_figaux_075a.png"
    },
    {
        "name": ".thumb_figaux_075b.png",
        "url": "https://atlas.web.cern.ch/Atlas/GROUPS/PHYSICS/PAPERS/.thumb_figaux_075b.png"
    },
    {
        "name": ".thumb_figaux_076a.png",
        "url": "https://atlas.web.cern.ch/Atlas/GROUPS/PHYSICS/PAPERS/.thumb_figaux_076a.png"
    },
    {
        "name": ".thumb_figaux_076b.png",
        "url": "https://atlas.web.cern.ch/Atlas/GROUPS/PHYSICS/PAPERS/.thumb_figaux_076b.png"
    },
    {
        "name": ".thumb_figaux_077a.png",
        "url": "https://atlas.web.cern.ch/Atlas/GROUPS/PHYSICS/PAPERS/.thumb_figaux_077a.png"
    },
    {
        "name": ".thumb_figaux_077b.png",
        "url": "https://atlas.web.cern.ch/Atlas/GROUPS/PHYSICS/PAPERS/.thumb_figaux_077b.png"
    },
    {
        "name": ".thumb_figaux_078a.png",
        "url": "https://atlas.web.cern.ch/Atlas/GROUPS/PHYSICS/PAPERS/.thumb_figaux_078a.png"
    },
    {
        "name": ".thumb_figaux_078b.png",
        "url": "https://atlas.web.cern.ch/Atlas/GROUPS/PHYSICS/PAPERS/.thumb_figaux_078b.png"
    },
    {
        "name": ".thumb_figaux_078c.png",
        "url": "https://atlas.web.cern.ch/Atlas/GROUPS/PHYSICS/PAPERS/.thumb_figaux_078c.png"
    },
    {
        "name": ".thumb_figaux_078d.png",
        "url": "https://atlas.web.cern.ch/Atlas/GROUPS/PHYSICS/PAPERS/.thumb_figaux_078d.png"
    },
    {
        "name": ".thumb_figaux_079.png",
        "url": "https://atlas.web.cern.ch/Atlas/GROUPS/PHYSICS/PAPERS/.thumb_figaux_079.png"
    },
    {
        "name": ".thumb_figaux_080.png",
        "url": "https://atlas.web.cern.ch/Atlas/GROUPS/PHYSICS/PAPERS/.thumb_figaux_080.png"
    },
    {
        "name": ".thumb_figaux_081.png",
        "url": "https://atlas.web.cern.ch/Atlas/GROUPS/PHYSICS/PAPERS/.thumb_figaux_081.png"
    },
    {
        "name": ".thumb_figaux_082.png",
        "url": "https://atlas.web.cern.ch/Atlas/GROUPS/PHYSICS/PAPERS/.thumb_figaux_082.png"
    },
    {
        "name": ".thumb_figaux_083a.png",
        "url": "https://atlas.web.cern.ch/Atlas/GROUPS/PHYSICS/PAPERS/.thumb_figaux_083a.png"
    },
    {
        "name": ".thumb_figaux_083b.png",
        "url": "https://atlas.web.cern.ch/Atlas/GROUPS/PHYSICS/PAPERS/.thumb_figaux_083b.png"
    },
    {
        "name": ".thumb_figaux_084a.png",
        "url": "https://atlas.web.cern.ch/Atlas/GROUPS/PHYSICS/PAPERS/.thumb_figaux_084a.png"
    },
    {
        "name": ".thumb_figaux_084b.png",
        "url": "https://atlas.web.cern.ch/Atlas/GROUPS/PHYSICS/PAPERS/.thumb_figaux_084b.png"
    },
    {
        "name": ".thumb_figaux_085a.png",
        "url": "https://atlas.web.cern.ch/Atlas/GROUPS/PHYSICS/PAPERS/.thumb_figaux_085a.png"
    },
    {
        "name": ".thumb_figaux_085b.png",
        "url": "https://atlas.web.cern.ch/Atlas/GROUPS/PHYSICS/PAPERS/.thumb_figaux_085b.png"
    },
    {
        "name": ".thumb_figaux_085c.png",
        "url": "https://atlas.web.cern.ch/Atlas/GROUPS/PHYSICS/PAPERS/.thumb_figaux_085c.png"
    },
    {
        "name": ".thumb_figaux_085d.png",
        "url": "https://atlas.web.cern.ch/Atlas/GROUPS/PHYSICS/PAPERS/.thumb_figaux_085d.png"
    },
    {
        "name": ".thumb_figaux_086.png",
        "url": "https://atlas.web.cern.ch/Atlas/GROUPS/PHYSICS/PAPERS/.thumb_figaux_086.png"
    },
    {
        "name": ".thumb_figaux_087.png",
        "url": "https://atlas.web.cern.ch/Atlas/GROUPS/PHYSICS/PAPERS/.thumb_figaux_087.png"
    },
    {
        "name": ".thumb_figaux_088.png",
        "url": "https://atlas.web.cern.ch/Atlas/GROUPS/PHYSICS/PAPERS/.thumb_figaux_088.png"
    },
    {
        "name": ".thumb_figaux_089.png",
        "url": "https://atlas.web.cern.ch/Atlas/GROUPS/PHYSICS/PAPERS/.thumb_figaux_089.png"
    },
    {
        "name": ".thumb_figaux_090a.png",
        "url": "https://atlas.web.cern.ch/Atlas/GROUPS/PHYSICS/PAPERS/.thumb_figaux_090a.png"
    },
    {
        "name": ".thumb_figaux_090b.png",
        "url": "https://atlas.web.cern.ch/Atlas/GROUPS/PHYSICS/PAPERS/.thumb_figaux_090b.png"
    },
    {
        "name": ".thumb_figaux_091a.png",
        "url": "https://atlas.web.cern.ch/Atlas/GROUPS/PHYSICS/PAPERS/.thumb_figaux_091a.png"
    },
    {
        "name": ".thumb_figaux_091b.png",
        "url": "https://atlas.web.cern.ch/Atlas/GROUPS/PHYSICS/PAPERS/.thumb_figaux_091b.png"
    },
    {
        "name": ".thumb_figaux_092a.png",
        "url": "https://atlas.web.cern.ch/Atlas/GROUPS/PHYSICS/PAPERS/.thumb_figaux_092a.png"
    },
    {
        "name": ".thumb_figaux_092b.png",
        "url": "https://atlas.web.cern.ch/Atlas/GROUPS/PHYSICS/PAPERS/.thumb_figaux_092b.png"
    },
    {
        "name": ".thumb_figaux_092c.png",
        "url": "https://atlas.web.cern.ch/Atlas/GROUPS/PHYSICS/PAPERS/.thumb_figaux_092c.png"
    },
    {
        "name": ".thumb_figaux_093.png",
        "url": "https://atlas.web.cern.ch/Atlas/GROUPS/PHYSICS/PAPERS/.thumb_figaux_093.png"
    },
    {
        "name": ".thumb_figaux_094.png",
        "url": "https://atlas.web.cern.ch/Atlas/GROUPS/PHYSICS/PAPERS/.thumb_figaux_094.png"
    },
    {
        "name": ".thumb_figaux_095.png",
        "url": "https://atlas.web.cern.ch/Atlas/GROUPS/PHYSICS/PAPERS/.thumb_figaux_095.png"
    },
    {
        "name": ".thumb_figaux_096.png",
        "url": "https://atlas.web.cern.ch/Atlas/GROUPS/PHYSICS/PAPERS/.thumb_figaux_096.png"
    },
    {
        "name": ".thumb_figaux_097a.png",
        "url": "https://atlas.web.cern.ch/Atlas/GROUPS/PHYSICS/PAPERS/.thumb_figaux_097a.png"
    },
    {
        "name": ".thumb_figaux_097b.png",
        "url": "https://atlas.web.cern.ch/Atlas/GROUPS/PHYSICS/PAPERS/.thumb_figaux_097b.png"
    },
    {
        "name": ".thumb_figaux_098a.png",
        "url": "https://atlas.web.cern.ch/Atlas/GROUPS/PHYSICS/PAPERS/.thumb_figaux_098a.png"
    },
    {
        "name": ".thumb_figaux_098b.png",
        "url": "https://atlas.web.cern.ch/Atlas/GROUPS/PHYSICS/PAPERS/.thumb_figaux_098b.png"
    },
    {
        "name": ".thumb_figaux_099a.png",
        "url": "https://atlas.web.cern.ch/Atlas/GROUPS/PHYSICS/PAPERS/.thumb_figaux_099a.png"
    },
    {
        "name": ".thumb_figaux_099b.png",
        "url": "https://atlas.web.cern.ch/Atlas/GROUPS/PHYSICS/PAPERS/.thumb_figaux_099b.png"
    },
    {
        "name": ".thumb_figaux_099c.png",
        "url": "https://atlas.web.cern.ch/Atlas/GROUPS/PHYSICS/PAPERS/.thumb_figaux_099c.png"
    },
    {
        "name": ".thumb_figaux_100.png",
        "url": "https://atlas.web.cern.ch/Atlas/GROUPS/PHYSICS/PAPERS/.thumb_figaux_100.png"
    },
    {
        "name": ".thumb_figaux_101.png",
        "url": "https://atlas.web.cern.ch/Atlas/GROUPS/PHYSICS/PAPERS/.thumb_figaux_101.png"
    },
    {
        "name": ".thumb_figaux_102.png",
        "url": "https://atlas.web.cern.ch/Atlas/GROUPS/PHYSICS/PAPERS/.thumb_figaux_102.png"
    },
    {
        "name": ".thumb_figaux_103.png",
        "url": "https://atlas.web.cern.ch/Atlas/GROUPS/PHYSICS/PAPERS/.thumb_figaux_103.png"
    },
    {
        "name": ".thumb_figaux_104.png",
        "url": "https://atlas.web.cern.ch/Atlas/GROUPS/PHYSICS/PAPERS/.thumb_figaux_104.png"
    },
    {
        "name": ".thumb_figaux_105.png",
        "url": "https://atlas.web.cern.ch/Atlas/GROUPS/PHYSICS/PAPERS/.thumb_figaux_105.png"
    },
    {
        "name": ".thumb_figaux_106.png",
        "url": "https://atlas.web.cern.ch/Atlas/GROUPS/PHYSICS/PAPERS/.thumb_figaux_106.png"
    },
    {
        "name": ".thumb_figaux_107.png",
        "url": "https://atlas.web.cern.ch/Atlas/GROUPS/PHYSICS/PAPERS/.thumb_figaux_107.png"
    },
    {
        "name": ".thumb_tabaux_001.png",
        "url": "https://atlas.web.cern.ch/Atlas/GROUPS/PHYSICS/PAPERS/.thumb_tabaux_001.png"
    },
    {
        "name": ".thumb_tabaux_002.png",
        "url": "https://atlas.web.cern.ch/Atlas/GROUPS/PHYSICS/PAPERS/.thumb_tabaux_002.png"
    },
    {
        "name": ".thumb_tabaux_003.png",
        "url": "https://atlas.web.cern.ch/Atlas/GROUPS/PHYSICS/PAPERS/.thumb_tabaux_003.png"
    },
    {
        "name": ".thumb_tabaux_004.png",
        "url": "https://atlas.web.cern.ch/Atlas/GROUPS/PHYSICS/PAPERS/.thumb_tabaux_004.png"
    },
    {
        "name": ".thumb_tabaux_005.png",
        "url": "https://atlas.web.cern.ch/Atlas/GROUPS/PHYSICS/PAPERS/.thumb_tabaux_005.png"
    },
    {
        "name": ".thumb_tabaux_006.png",
        "url": "https://atlas.web.cern.ch/Atlas/GROUPS/PHYSICS/PAPERS/.thumb_tabaux_006.png"
    },
    {
        "name": ".thumb_tabaux_007.png",
        "url": "https://atlas.web.cern.ch/Atlas/GROUPS/PHYSICS/PAPERS/.thumb_tabaux_007.png"
    },
    {
        "name": ".thumb_tabaux_008.png",
        "url": "https://atlas.web.cern.ch/Atlas/GROUPS/PHYSICS/PAPERS/.thumb_tabaux_008.png"
    },
    {
        "name": ".thumb_tabaux_009.png",
        "url": "https://atlas.web.cern.ch/Atlas/GROUPS/PHYSICS/PAPERS/.thumb_tabaux_009.png"
    },
    {
        "name": ".thumb_tabaux_010.png",
        "url": "https://atlas.web.cern.ch/Atlas/GROUPS/PHYSICS/PAPERS/.thumb_tabaux_010.png"
    },
    {
        "name": ".thumb_tabaux_011.png",
        "url": "https://atlas.web.cern.ch/Atlas/GROUPS/PHYSICS/PAPERS/.thumb_tabaux_011.png"
    },
    {
        "name": ".thumb_tabaux_012.png",
        "url": "https://atlas.web.cern.ch/Atlas/GROUPS/PHYSICS/PAPERS/.thumb_tabaux_012.png"
    },
    {
        "name": ".thumb_tabaux_013.png",
        "url": "https://atlas.web.cern.ch/Atlas/GROUPS/PHYSICS/PAPERS/.thumb_tabaux_013.png"
    },
    {
        "name": ".thumb_tabaux_014.png",
        "url": "https://atlas.web.cern.ch/Atlas/GROUPS/PHYSICS/PAPERS/.thumb_tabaux_014.png"
    },
    {
        "name": ".thumb_tabaux_015.png",
        "url": "https://atlas.web.cern.ch/Atlas/GROUPS/PHYSICS/PAPERS/.thumb_tabaux_015.png"
    }
]